来源,一级分类,分类路径,文档标题,api_name,doc_id,官方文档,官方权限说明,官方描述,必填参数,Token权限,权限判定依据,探测返回码,探测消息,探测返回行数,claw_quant实现,实现位置
Tushare官方目录,ETF专题,ETF专题,ETF份额规模,etf_share_size,408,https://tushare.pro/document/2?doc_id=408,需要8000积分可以调取，具体请参阅 积分获取办法,获取沪深ETF每日份额和规模数据，能体现规模份额的变化，掌握ETF资金动向，同时提供每日净值和收盘价；数据指标是分批入库，交易所于次日早8点30左右更新上一交易日的数据；另外，涉及海外的ETF数据更新会晚一些属于正常情况。,,有权限,接口返回成功,0,,0,已实现（契约通用采集器：原始层+强类型标准表）,collectors/tushare_raw.py:CatalogRawCollector
Tushare官方目录,ETF专题,ETF专题,ETF历史分钟行情,etf_mins,387,https://tushare.pro/document/2?doc_id=387,正式权限请参阅 权限说明,获取ETF分钟数据，支持1min/5min/15min/30min/60min行情，提供Python SDK和 http Restful API两种方式,"ts_code,freq",无权限,Tushare 明确返回无访问权限,40203,抱歉，您没有接口(etf_mins)访问权限，权限的具体详情访问：https://tushare.pro/document/1?doc_id=108。,0,未实现,
Tushare官方目录,ETF专题,ETF专题,ETF基础信息,etf_basic,385,https://tushare.pro/document/2?doc_id=385,用户积8000积分可调取，具体请参阅 积分获取办法,获取国内ETF基础信息，包括了QDII。数据来源与沪深交易所公开披露信息。,,有权限,接口返回成功,0,,1,已实现（契约通用采集器：原始层+强类型标准表）,collectors/tushare_raw.py:CatalogRawCollector
Tushare官方目录,ETF专题,ETF专题,基金复权因子,fund_adj,199,https://tushare.pro/document/2?doc_id=199,用户积2000积分可调取，超过5000积分以上频次相对较高。具体请参阅 积分获取办法,获取基金复权因子，用于计算基金复权行情,,有权限,接口返回成功,0,,0,已实现（契约通用采集器：原始层+强类型标准表）,collectors/tushare_raw.py:CatalogRawCollector
Tushare官方目录,ETF专题,ETF专题,ETF实时参考,rt_etf_sz_iopv,454,https://tushare.pro/document/2?doc_id=454,本接口为单独开权限的接口，跟积分多个无关。正式权限请参阅 权限说明,ETF实时净值和申购赎回数据参考，目前只提供深市,,无权限,Tushare 明确返回无访问权限,40203,抱歉，您没有接口(rt_etf_sz_iopv)访问权限，权限的具体详情访问：https://tushare.pro/document/1?doc_id=108。,0,未实现,
Tushare官方目录,ETF专题,ETF专题,ETF日线行情,fund_daily,127,https://tushare.pro/document/2?doc_id=127,需要至少5000积分才可以调取，8000积分频次更高，具体请参阅 积分获取办法,获取ETF行情每日收盘后成交数据，历史超过10年,,有权限,接口返回成功,0,,0,已实现（契约通用采集器：原始层+强类型标准表）,collectors/tushare_raw.py:CatalogRawCollector
Tushare官方目录,ETF专题,ETF专题,ETF基准指数列表,etf_index,386,https://tushare.pro/document/2?doc_id=386,用户积累8000积分可调取，具体请参阅 积分获取办法,获取ETF基准指数列表信息,,有权限,接口返回成功,0,,0,已实现（契约通用采集器：原始层+强类型标准表）,collectors/tushare_raw.py:CatalogRawCollector
Tushare官方目录,ETF专题,ETF专题,指数公告,idx_anns,460,https://tushare.pro/document/2?doc_id=460,需要6000积分可以调取，具体请参阅 积分获取办法,获取指数公司披露的相关公告信息，包括中证指数、国证指数、恒生指数和华证指数的及时与历史公告信息，跟踪指数最新信息和发展方向。,,有权限,接口返回成功,0,,43,已实现（契约通用采集器：原始层+强类型标准表）,collectors/tushare_raw.py:CatalogRawCollector
Tushare官方目录,ETF专题,ETF专题,ETF每日持仓组合(沪市）,etf_sh_cons,471,https://tushare.pro/document/2?doc_id=471,需要8000积分可以调取，具体请参阅 积分获取办法,"获取上交所场内所有ETF每日盘前披露的的一篮子组合信息,包括成分股票数量、申赎现金折溢价比例等数据",,有权限,接口返回成功,0,,0,已实现（契约通用采集器：原始层+强类型标准表）,collectors/tushare_raw.py:CatalogRawCollector
Tushare官方目录,ETF专题,ETF专题,ETF每日持仓组合(深市）,etf_sz_cons,472,https://tushare.pro/document/2?doc_id=472,需要8000积分可以调取，具体请参阅 积分获取办法,"获取深交所场内所有ETF每日盘前披露的一篮子组合信息,包括成分股票数量、申赎现金折溢价比例等数据",,有权限,接口返回成功,0,,0,已实现（契约通用采集器：原始层+强类型标准表）,collectors/tushare_raw.py:CatalogRawCollector
Tushare官方目录,债券专题,债券专题,债券回购日行情,repo_daily,256,https://tushare.pro/document/2?doc_id=256,用户需要累积2000积分才可以调取，具体请参阅 积分获取办法,债券回购日行情,,有权限,接口返回成功,0,,0,已实现（契约通用采集器：原始层+强类型标准表）,collectors/tushare_raw.py:CatalogRawCollector
Tushare官方目录,债券专题,债券专题,财经日历,eco_cal,233,https://tushare.pro/document/2?doc_id=233,2000积分可调取,获取全球财经日历、包括经济事件数据更新,,有权限,接口返回成功,0,,100,已实现（契约通用采集器：原始层+强类型标准表）,collectors/tushare_raw.py:CatalogRawCollector
Tushare官方目录,债券专题,债券专题,获取可转债评级历史记录,cb_rating,458,https://tushare.pro/document/2?doc_id=458,需要2000积分可以调取，具体请参阅 积分获取办法,获取可转债评级历史记录,ts_code,有权限,接口返回成功,0,,0,已实现（契约通用采集器：原始层+强类型标准表）,collectors/tushare_raw.py:CatalogRawCollector
Tushare官方目录,债券专题,债券专题,可转债十大持有人,top10_cb_holders,459,https://tushare.pro/document/2?doc_id=459,需要5000积分可以调取，具体请参阅 积分获取办法,获取可转债前十大持有人,ts_code,有权限,接口返回成功,0,,0,已实现（契约通用采集器：原始层+强类型标准表）,collectors/tushare_raw.py:CatalogRawCollector
Tushare官方目录,债券专题,债券专题,可转债发行,cb_issue,186,https://tushare.pro/document/2?doc_id=186,用户需要至少2000积分才可以调取，5000积分以上频次相对较高，积分越多权限越大，具体请参阅 积分获取办法,获取可转债发行数据,,有权限,接口返回成功,0,,0,已实现（契约通用采集器：原始层+强类型标准表）,collectors/tushare_raw.py:CatalogRawCollector
Tushare官方目录,债券专题,债券专题,可转债基本信息,cb_basic,185,https://tushare.pro/document/2?doc_id=185,用户需要至少2000积分才可以调取，但有流量控制，5000积分以上频次相对较高，积分越多权限越大，具体请参阅 积分获取办法,获取可转债基本信息,,有权限,接口返回成功,0,,0,已实现（契约通用采集器：原始层+强类型标准表）,collectors/tushare_raw.py:CatalogRawCollector
Tushare官方目录,债券专题,债券专题,可转债技术因子(专业版),cb_factor_pro,392,https://tushare.pro/document/2?doc_id=392,8000积分以上每分钟500次，具体请参阅 积分获取办法,获取可转债每日技术面因子数据，用于跟踪可转债当前走势情况，数据由Tushare社区自产，覆盖全历史；输出参数_bfq表示不复权，_qfq表示前复权 _hfq表示后复权，描述中说明了因子的默认传参，如需要特殊参数或者更多因子可以联系管理员评估,,有权限,接口返回成功,0,,0,已实现（契约通用采集器：原始层+强类型标准表）,collectors/tushare_raw.py:CatalogRawCollector
Tushare官方目录,债券专题,债券专题,可转债票面利率,cb_rate,305,https://tushare.pro/document/2?doc_id=305,用户需要至少5000积分才可以调取，具体请参阅 积分获取办法,获取可转债票面利率,ts_code,有权限,接口返回成功,0,,0,已实现（契约通用采集器：原始层+强类型标准表）,collectors/tushare_raw.py:CatalogRawCollector
Tushare官方目录,债券专题,债券专题,可转债行情,cb_daily,187,https://tushare.pro/document/2?doc_id=187,用户需要至少2000积分才可以调取，5000积分以上频次相对较高，积分越多权限越大，具体请参阅 积分获取办法,获取可转债行情,,有权限,接口返回成功,0,,0,已实现（契约通用采集器：原始层+强类型标准表）,collectors/tushare_raw.py:CatalogRawCollector
Tushare官方目录,债券专题,债券专题,可转债赎回信息,cb_call,269,https://tushare.pro/document/2?doc_id=269,,获取可转债到期赎回、强制赎回等信息。数据来源于公开披露渠道，供个人和机构研究使用，请不要用于数据商业目的。,,有权限,接口返回成功,0,,0,已实现（契约通用采集器：原始层+强类型标准表）,collectors/tushare_raw.py:CatalogRawCollector
Tushare官方目录,债券专题,债券专题,可转债转股价变动,cb_price_chg,246,https://tushare.pro/document/2?doc_id=246,本接口需单独开权限（跟积分没关系），具体请参阅 积分获取办法,获取可转债转股价变动,ts_code,无权限,Tushare 明确返回无访问权限,40203,抱歉，您没有接口(cb_price_chg)访问权限，权限的具体详情访问：https://tushare.pro/document/1?doc_id=108。,0,未实现,
Tushare官方目录,债券专题,债券专题,可转债转股结果,cb_share,247,https://tushare.pro/document/2?doc_id=247,用户需要至少2000积分才可以调取，但有流量控制，5000积分以上频次相对较高，积分越多权限越大，具体请参阅 积分获取办法,获取可转债转股结果,"ts_code,ann_date",有权限,接口返回成功,0,,0,已实现（契约通用采集器：原始层+强类型标准表）,collectors/tushare_raw.py:CatalogRawCollector
Tushare官方目录,债券专题,债券专题,国债收益率曲线,yc_cb,201,https://tushare.pro/document/2?doc_id=201,属于单独的权限接口，请在群里联系群主或管理员,获取中债收益率曲线，目前可获取中债国债收益率曲线即期和到期收益率曲线数据,,无权限,Tushare 明确返回无访问权限,40203,抱歉，您没有接口(yc_cb)访问权限，权限的具体详情访问：https://tushare.pro/document/1?doc_id=108。,0,未实现,
Tushare官方目录,债券专题,债券专题,债券大宗交易,bond_blk,271,https://tushare.pro/document/2?doc_id=271,用户满5000积分有数据权限，单次最大1000条，可根据日期循环提取，总量不限制,获取沪深交易所债券大宗交易数据,,有权限,接口返回成功,0,,0,已实现（契约通用采集器：原始层+强类型标准表）,collectors/tushare_raw.py:CatalogRawCollector
Tushare官方目录,债券专题,债券专题,大宗交易明细,bond_blk_detail,272,https://tushare.pro/document/2?doc_id=272,用户满5000积分有数据权限，单次最大1000条，可根据日期循环提取，总量不限制,获取沪深交易所债券大宗交易数据 注：本接口目前只有深交所的大宗交易明细，上交所明细已经包含在大宗交易接口里，未单独罗列。,,有权限,接口返回成功,0,,0,已实现（契约通用采集器：原始层+强类型标准表）,collectors/tushare_raw.py:CatalogRawCollector
Tushare官方目录,债券专题,债券专题,柜台流通式债券报价,bc_otcqt,322,https://tushare.pro/document/2?doc_id=322,用户需要至少500积分可以试用调取，2000积分以上频次相对较高，积分越多权限越大，具体请参阅 积分获取办法,柜台流通式债券报价,,有权限,接口返回成功,0,,167,已实现（契约通用采集器：原始层+强类型标准表）,collectors/tushare_raw.py:CatalogRawCollector
Tushare官方目录,债券专题,债券专题,柜台流通式债券最优报价,bc_bestotcqt,323,https://tushare.pro/document/2?doc_id=323,用户需要至少500积分可以试用调取，2000积分以上频次相对较高，积分越多权限越大，具体请参阅 积分获取办法,柜台流通式债券最优报价,,有权限,接口返回成功,0,,0,已实现（契约通用采集器：原始层+强类型标准表）,collectors/tushare_raw.py:CatalogRawCollector
Tushare官方目录,公募基金,公募基金,公募基金业绩基准库,mkt_idx_bmk,462,https://tushare.pro/document/2?doc_id=462,需要5000积分可以调取，具体请参阅 积分获取办法,获取官方发布的ETF业绩比较基准列表信息，分为一类库、二类库,,有权限,接口返回成功,0,,0,已实现（契约通用采集器：原始层+强类型标准表）,collectors/tushare_raw.py:CatalogRawCollector
Tushare官方目录,公募基金,公募基金,公募基金净值,fund_nav,119,https://tushare.pro/document/2?doc_id=119,用户需要至少2000积分才可以调取，具体请参阅 积分获取办法,获取公募基金净值数据,,有权限,接口返回成功,0,,3487,已实现（契约通用采集器：原始层+强类型标准表）,collectors/tushare_raw.py:CatalogRawCollector
Tushare官方目录,公募基金,公募基金,公募基金分红,fund_div,120,https://tushare.pro/document/2?doc_id=120,用户需要至少400积分才可以调取，具体请参阅 积分获取办法,获取公募基金分红数据,,有权限,接口返回成功,0,,22,已实现（契约通用采集器：原始层+强类型标准表）,collectors/tushare_raw.py:CatalogRawCollector
Tushare官方目录,公募基金,公募基金,公募基金列表,fund_basic,19,https://tushare.pro/document/2?doc_id=19,用户需要2000积分才可以调取，单次最大可以提取15000条数据，5000积分以上权限更高，具体请参阅 积分获取办法,获取公募基金数据列表，包括场内和场外基金,,有权限,接口返回成功,0,,1,已实现（契约通用采集器：原始层+强类型标准表）,collectors/tushare_raw.py:CatalogRawCollector
Tushare官方目录,公募基金,公募基金,场内基金技术因子(专业版),fund_factor_pro,359,https://tushare.pro/document/2?doc_id=359,5000积分每分钟可以请求30次，8000积分以上每分钟500次,获取场内基金每日技术面因子数据，用于跟踪场内基金当前走势情况，数据由Tushare社区自产，覆盖全历史；输出参数_bfq表示不复权，描述中说明了因子的默认传参，如需要特殊参数或者更多因子可以联系管理员评估,,有权限,接口返回成功,0,,0,已实现（契约通用采集器：原始层+强类型标准表）,collectors/tushare_raw.py:CatalogRawCollector
Tushare官方目录,公募基金,公募基金,公募基金持仓数据,fund_portfolio,121,https://tushare.pro/document/2?doc_id=121,5000积分以上每分钟请求200次，8000积分以上每分钟请求500次，具体请参阅 积分获取办法,获取公募基金持仓数据，季度更新,,有权限,接口返回成功,0,,8000,已实现（契约通用采集器：原始层+强类型标准表）,collectors/tushare_raw.py:CatalogRawCollector
Tushare官方目录,公募基金,公募基金,公募基金公司,fund_company,118,https://tushare.pro/document/2?doc_id=118,用户需要1500积分才可以调取，一次可以提取全部数据。具体请参阅 积分获取办法,获取公募基金管理人列表,,有权限,接口返回成功,0,,206,已实现（契约通用采集器：原始层+强类型标准表）,collectors/tushare_raw.py:CatalogRawCollector
Tushare官方目录,公募基金,公募基金,基金经理,fund_manager,208,https://tushare.pro/document/2?doc_id=208,用户有500积分可获取数据，2000积分以上可以提高访问频次,获取公募基金经理数据，包括基金经理简历等数据,,有权限,接口返回成功,0,,2,已实现（契约通用采集器：原始层+强类型标准表）,collectors/tushare_raw.py:CatalogRawCollector
Tushare官方目录,公募基金,公募基金,基金规模数据,fund_share,207,https://tushare.pro/document/2?doc_id=207,用户需要至少2000积分可以调取，5000积分以上频次较高，具体请参阅 积分获取办法,获取基金规模数据，包含上海和深圳ETF基金,,有权限,接口返回成功,0,,0,已实现（契约通用采集器：原始层+强类型标准表）,collectors/tushare_raw.py:CatalogRawCollector
Tushare官方目录,外汇数据,外汇数据,外汇基础信息（海外）,fx_obasic,178,https://tushare.pro/document/2?doc_id=178,用户需要至少2000积分才可以调取，具体请参阅 积分获取办法,获取海外外汇基础信息，目前只有FXCM交易商的数据 数量：单次可提取全部数据,,有权限,接口返回成功,0,,1,已实现,collectors/forex/fx_obasic.py:FxObasicCollector
Tushare官方目录,外汇数据,外汇数据,外汇日线行情,fx_daily,179,https://tushare.pro/document/2?doc_id=179,用户需要至少2000积分才可以调取，但有流量控制，5000积分以上频次相对较高，积分越多权限越大，具体请参阅 积分获取办法,获取外汇日线行情,,有权限,接口返回成功,0,,0,已实现,collectors/forex/fx_daily.py:FxDailyCollector
Tushare官方目录,大模型语料,大模型语料,上市公司全量公告,anns_d,176,https://tushare.pro/document/2?doc_id=176,本接口为单独权限，请参考 权限说明,获取全量公告数据，提供pdf下载URL,,无权限,Tushare 明确返回无访问权限,40203,抱歉，您没有接口(anns_d)访问权限，权限的具体详情访问：https://tushare.pro/document/1?doc_id=108。,0,未实现,
Tushare官方目录,大模型语料,大模型语料,上证E互动,irm_qa_sh,366,https://tushare.pro/document/2?doc_id=366,需单独开权限，请参考 权限说明,"获取上交所e互动董秘问答文本数据。上证e互动是由上海证券交易所建立、上海证券市场所有参与主体无偿使用的沟通平台,旨在引导和促进上市公司、投资者等各市场参与主体之间的信息沟通,构建集中、便捷的互动渠道。本接口数据记录了以上沟通问答的文本数据。",,无权限,Tushare 明确返回无访问权限,40203,抱歉，您没有接口(irm_qa_sh)访问权限，权限的具体详情访问：https://tushare.pro/document/1?doc_id=108。,0,未实现,
Tushare官方目录,大模型语料,大模型语料,券商研究报告,research_report,415,https://tushare.pro/document/2?doc_id=415,本接口需单独开权限（跟积分没关系），具体请参阅 权限说明,获取券商研究报告-个股、行业等，历史数据从20170101开始提供，增量每天两次更新,,无权限,Tushare 明确返回无访问权限,40203,抱歉，您没有接口(research_report)访问权限，权限的具体详情访问：https://tushare.pro/document/1?doc_id=108。,0,未实现,
Tushare官方目录,大模型语料,大模型语料,国家政策法规库,npr,406,https://tushare.pro/document/2?doc_id=406,本接口需单独开权限（跟积分没关系），具体请参阅 权限说明,获取国家行政机关公开披露的各类法规、条例政策、批复、通知等文本数据。,,无权限,Tushare 明确返回无访问权限,40203,抱歉，您没有接口(npr)访问权限，权限的具体详情访问：https://tushare.pro/document/1?doc_id=108。,0,未实现,
Tushare官方目录,大模型语料,大模型语料,央行货币政策执行报告,monetary_policy,465,https://tushare.pro/document/2?doc_id=465,本接口为单独权限（跟积分没关系），具体请参阅 权限对应列表,获取央行季度更新的货币政策执行报告，历史数据开始于2001年每年四篇，提供原始PDF下载链接，可用于分析过去20多年央行货币政策的动向、宏观以及金融市场的情况。,,无权限,Tushare 明确返回无访问权限,40203,抱歉，您没有接口(monetary_policy)访问权限，权限的具体详情访问：https://tushare.pro/document/1?doc_id=108。,0,未实现,
Tushare官方目录,大模型语料,大模型语料,新闻快讯,news,143,https://tushare.pro/document/2?doc_id=143,本接口需单独开权限（跟积分没关系），具体请参阅 权限说明,"获取主流新闻网站的快讯新闻数据,提供超过6年以上历史新闻。","start_date,end_date,src",无权限,Tushare 明确返回无访问权限,40203,抱歉，您没有接口(news)访问权限，权限的具体详情访问：https://tushare.pro/document/1?doc_id=108。,0,未实现,
Tushare官方目录,大模型语料,大模型语料,新闻联播,cctv_news,154,https://tushare.pro/document/2?doc_id=154,本接口需单独开权限（跟积分没关系），具体请参阅 权限说明,获取新闻联播文字稿数据，数据开始于2017年。,date,无权限,Tushare 明确返回无访问权限,40203,抱歉，您没有接口(cctv_news)访问权限，权限的具体详情访问：https://tushare.pro/document/1?doc_id=108。,0,未实现,
Tushare官方目录,大模型语料,大模型语料,新闻通讯,major_news,195,https://tushare.pro/document/2?doc_id=195,本接口需单独开权限（跟积分没关系），具体请参阅 权限说明,获取长篇通讯信息，覆盖主要新闻资讯网站，提供超过8年历史新闻。,,有权限,接口返回成功,0,,800,已实现（契约通用采集器：原始层+强类型标准表）,collectors/tushare_raw.py:CatalogRawCollector
Tushare官方目录,大模型语料,大模型语料,深证互动易,irm_qa_sz,367,https://tushare.pro/document/2?doc_id=367,需单独开权限，请参考 权限说明,"互动易是由深交所官方推出,供投资者与上市公司直接沟通的平台,一站式公司资讯汇集,提供第一手的互动问答、投资者关系信息、公司声音等内容。",,无权限,Tushare 明确返回无访问权限,40203,抱歉，您没有接口(irm_qa_sz)访问权限，权限的具体详情访问：https://tushare.pro/document/1?doc_id=108。,0,未实现,
Tushare官方目录,宏观经济,宏观经济/国内宏观,中国经济数据发布日程,cn_schedule,461,https://tushare.pro/document/2?doc_id=461,需要2000积分可以调取，具体请参阅 积分获取办法,获取国家统计局、中国人民银行等经济数据发布日程及对应tushare接口，持续更新中,,有权限,接口返回成功,0,,176,已实现（契约通用采集器：原始层+强类型标准表）,collectors/tushare_raw.py:CatalogRawCollector
Tushare官方目录,宏观经济,宏观经济/国内宏观/价格指数,居民消费价格指数,cn_cpi,228,https://tushare.pro/document/2?doc_id=228,用户积累600积分可以使用，具体请参阅 积分获取办法,获取CPI居民消费价格数据，包括全国、城市和农村的数据,,有权限,接口返回成功,0,,511,已实现（契约通用采集器：原始层+强类型标准表）,collectors/tushare_raw.py:CatalogRawCollector
Tushare官方目录,宏观经济,宏观经济/国内宏观/价格指数,工业生产者出厂价格指数,cn_ppi,245,https://tushare.pro/document/2?doc_id=245,用户600积分可以使用，具体请参阅 积分获取办法,获取PPI工业生产者出厂价格指数数据,,有权限,接口返回成功,0,,418,已实现（契约通用采集器：原始层+强类型标准表）,collectors/tushare_raw.py:CatalogRawCollector
Tushare官方目录,宏观经济,宏观经济/国内宏观/利率数据,Hibor利率,hibor,153,https://tushare.pro/document/2?doc_id=153,用户积累120积分可以调取，具体请参阅 积分获取办法 HIBOR (Hongkong InterBank Offered Rate)，是香港银行同行业拆借利率。指香港货币市场上，银行与银行之间的一年期以下的短期资金借贷利率，从伦敦同业拆借利率（LIBOR）变化出来的。,Hibor利率,,有权限,接口返回成功,0,,22,已实现（契约通用采集器：原始层+强类型标准表）,collectors/tushare_raw.py:CatalogRawCollector
Tushare官方目录,宏观经济,宏观经济/国内宏观/利率数据,LPR贷款基础利率,shibor_lpr,151,https://tushare.pro/document/2?doc_id=151,用户积累120积分可以调取，具体请参阅 积分获取办法 LPR介绍 贷款基础利率（Loan Prime Rate，简称LPR），是基于报价行自主报出的最优贷款利率计算并发布的贷款市场参考利率。目前，对社会公布1年期贷款基础利率。 LPR报价银行团现由10家商业银行组成。报价银行应符合财务硬约束条件和宏观审慎政策框架要求，系统重要性程度高、市场影响力大、综合实力强，已建立内部收益率曲线和内部转移定价机制，具有较强的自主定价能力，已制定本行贷款基础利率管理办法，以及有利于开展报价工作的其他条件。市场利率定价自律机制依据《贷款基础利率集中报价和发布规则》确定和调整报价行成员，监督和管理贷款基础利率运行，规范报价行与指定发布人行为。 全国银行间同业拆借中心受权贷款基础利率的报价计算和信息发布。每个交易日根据各报价行的报价，剔除最高、最低各1家报价，对其余报价进行加权平均计算后，得出贷款基础利率报价平均利率，并于11:30对外发布。,LPR贷款基础利率,,有权限,接口返回成功,0,,0,已实现（契约通用采集器：原始层+强类型标准表）,collectors/tushare_raw.py:CatalogRawCollector
Tushare官方目录,宏观经济,宏观经济/国内宏观/利率数据,Libor拆借利率,libor,152,https://tushare.pro/document/2?doc_id=152,用户积累120积分可以调取，具体请参阅 积分获取办法 Libor（London Interbank Offered Rate ），即伦敦同业拆借利率，是指伦敦的第一流银行之间短期资金借贷的利率，是国际金融市场中大多数浮动利率的基础利率。作为银行从市场上筹集资金进行转贷的融资成本，贷款协议中议定的LIBOR通常是由几家指定的参考银行，在规定的时间（一般是伦敦时间上午11：00）报价的平均利率。,Libor拆借利率,,有权限,接口返回成功,0,,0,已实现（契约通用采集器：原始层+强类型标准表）,collectors/tushare_raw.py:CatalogRawCollector
Tushare官方目录,宏观经济,宏观经济/国内宏观/利率数据,Shibor利率数据,shibor,149,https://tushare.pro/document/2?doc_id=149,用户积累120积分可以调取，具体请参阅 积分获取办法 Shibor利率介绍 上海银行间同业拆放利率（Shanghai Interbank Offered Rate，简称Shibor），以位于上海的全国银行间同业拆借中心为技术平台计算、发布并命名，是由信用等级较高的银行组成报价团自主报出的人民币同业拆出利率计算确定的算术平均利率，是单利、无担保、批发性利率。目前，对社会公布的Shibor品种包括隔夜、1周、2周、1个月、3个月、6个月、9个月及1年。 Shibor报价银行团现由18家商业银行组成。报价银行是公开市场一级交易商或外汇市场做市商，在中国货币市场上人民币交易相对活跃、信息披露比较充分的银行。中国人民银行成立Shibor工作小组，依据《上海银行间同业拆放利率（Shibor）实施准则》确定和调整报价银行团成员、监督和管理Shibor运行、规范报价行与指定发布人行为。 全国银行间同业拆借中心受权Shibor的报价计算和信息发布。每个交易日根据各报价行的报价，剔除最高、最低各4家报价，对其余报价进行算术平均计算后，得出每一期限品种的Shibor，并于11:00对外发布。,shibor利率,,有权限,接口返回成功,0,,22,已实现（契约通用采集器：原始层+强类型标准表）,collectors/tushare_raw.py:CatalogRawCollector
Tushare官方目录,宏观经济,宏观经济/国内宏观/利率数据,Shibor报价数据,shibor_quote,150,https://tushare.pro/document/2?doc_id=150,用户积累120积分可以调取，具体请参阅 积分获取办法,Shibor报价数据,,有权限,接口返回成功,0,,395,已实现（契约通用采集器：原始层+强类型标准表）,collectors/tushare_raw.py:CatalogRawCollector
Tushare官方目录,宏观经济,宏观经济/国内宏观/利率数据,广州民间借贷利率,gz_index,174,https://tushare.pro/document/2?doc_id=174,用户需要积攒2000积分可调取，具体请参阅 积分获取办法 数据来源：广州民间金融街,广州民间借贷利率,,有权限,接口返回成功,0,,0,已实现（契约通用采集器：原始层+强类型标准表）,collectors/tushare_raw.py:CatalogRawCollector
Tushare官方目录,宏观经济,宏观经济/国内宏观/利率数据,温州民间借贷利率,wz_index,173,https://tushare.pro/document/2?doc_id=173,用户需要积攒2000积分可调取，具体请参阅 积分获取办法 数据来源：温州指数网 注： 温州指数 ，即温州民间融资综合利率指数，该指数及时反映民间金融交易活跃度和交易价格。该指数样板数据主要采集于四个方面：由温州市设立的几百家企业测报点，把各自借入的民间资本利率通过各地方金融办不记名申报收集起来；对各小额贷款公司借出的利率进行加权平均；融资性担保公司如典当行在融资过程中的利率，由温州经信委和商务局负责测报；民间借贷服务中心的实时利率。这些利率进行加权平均，就得出了“温州指数”。它是温州民间融资利率的风向标。2012年12月7日，温州指数正式对外发布。,温州民间借贷利率，即温州指数,,有权限,接口返回成功,0,,0,已实现（契约通用采集器：原始层+强类型标准表）,collectors/tushare_raw.py:CatalogRawCollector
Tushare官方目录,宏观经济,宏观经济/国内宏观/国民经济,GDP数据,cn_gdp,227,https://tushare.pro/document/2?doc_id=227,用户积累600积分可以使用，具体请参阅 积分获取办法,获取国民经济之GDP数据,,有权限,接口返回成功,0,,178,已实现（契约通用采集器：原始层+强类型标准表）,collectors/tushare_raw.py:CatalogRawCollector
Tushare官方目录,宏观经济,宏观经济/国内宏观/景气度,采购经理人指数,cn_pmi,325,https://tushare.pro/document/2?doc_id=325,用户积累5000积分可以使用，具体请参阅 积分获取办法,采购经理人指数,,有权限,接口返回成功,0,,259,已实现（契约通用采集器：原始层+强类型标准表）,collectors/tushare_raw.py:CatalogRawCollector
Tushare官方目录,宏观经济,宏观经济/国内宏观/金融/社会融资,社融数据（月度）,sf_month,310,https://tushare.pro/document/2?doc_id=310,需2000积分,获取月度社会融资数据,,有权限,接口返回成功,0,,295,已实现（契约通用采集器：原始层+强类型标准表）,collectors/tushare_raw.py:CatalogRawCollector
Tushare官方目录,宏观经济,宏观经济/国内宏观/金融/货币供应量,货币供应量,cn_m,242,https://tushare.pro/document/2?doc_id=242,用户积累600积分可以使用，具体请参阅 积分获取办法,获取货币供应量之月度数据,,有权限,接口返回成功,0,,583,已实现（契约通用采集器：原始层+强类型标准表）,collectors/tushare_raw.py:CatalogRawCollector
Tushare官方目录,宏观经济,宏观经济/国际宏观/美国利率,国债实际收益率曲线利率,us_trycr,220,https://tushare.pro/document/2?doc_id=220,用户积累120积分可以使用，积分越高频次越高。具体请参阅 积分获取办法,国债实际收益率曲线利率,,有权限,接口返回成功,0,,22,已实现（契约通用采集器：原始层+强类型标准表）,collectors/tushare_raw.py:CatalogRawCollector
Tushare官方目录,宏观经济,宏观经济/国际宏观/美国利率,国债收益率曲线利率（日频）,us_tycr,219,https://tushare.pro/document/2?doc_id=219,用户积累120积分可以使用，积分越高频次越高。具体请参阅 积分获取办法,获取美国每日国债收益率曲线利率,,有权限,接口返回成功,0,,22,已实现（契约通用采集器：原始层+强类型标准表）,collectors/tushare_raw.py:CatalogRawCollector
Tushare官方目录,宏观经济,宏观经济/国际宏观/美国利率,国债长期利率,us_tltr,222,https://tushare.pro/document/2?doc_id=222,用户积累120积分可以使用，积分越高频次越高。具体请参阅 积分获取办法,国债长期利率,,有权限,接口返回成功,0,,22,已实现（契约通用采集器：原始层+强类型标准表）,collectors/tushare_raw.py:CatalogRawCollector
Tushare官方目录,宏观经济,宏观经济/国际宏观/美国利率,国债实际长期利率平均值,us_trltr,223,https://tushare.pro/document/2?doc_id=223,用户积累120积分可以使用，积分越高频次越高。具体请参阅 积分获取办法,国债实际长期利率平均值,,有权限,接口返回成功,0,,22,已实现（契约通用采集器：原始层+强类型标准表）,collectors/tushare_raw.py:CatalogRawCollector
Tushare官方目录,宏观经济,宏观经济/国际宏观/美国利率,短期国债利率,us_tbr,221,https://tushare.pro/document/2?doc_id=221,用户积累120积分可以使用，积分越高频次越高。具体请参阅 积分获取办法,获取美国短期国债利率数据,,有权限,接口返回成功,0,,22,已实现（契约通用采集器：原始层+强类型标准表）,collectors/tushare_raw.py:CatalogRawCollector
Tushare官方目录,指数专题,指数专题,SW指数历史分钟,sw_mins,469,https://tushare.pro/document/2?doc_id=469,本接口是单独的权限，具体请参阅 积分获取办法,获取申万指数历史分钟数据,"ts_code,freq",无权限,Tushare 明确返回无访问权限,40203,抱歉，您没有接口(sw_mins)访问权限，权限的具体详情访问：https://tushare.pro/document/1?doc_id=108。,0,未实现,
Tushare官方目录,指数专题,指数专题,中信行业成分,ci_index_member,373,https://tushare.pro/document/2?doc_id=373,用户需5000积分可调取，积分获取方法请参阅 积分获取办法,按三级分类提取中信行业成分，可提供某个分类的所有成分，也可按股票代码提取所属分类，参数灵活,,有权限,接口返回成功,0,,0,已实现（契约通用采集器：原始层+强类型标准表）,collectors/tushare_raw.py:CatalogRawCollector
Tushare官方目录,指数专题,指数专题,中信行业指数行情,ci_daily,308,https://tushare.pro/document/2?doc_id=308,5000积分可调取，可通过指数代码和日期参数循环获取所有数据,获取中信行业指数日线行情；中信不再披露高开低成交量成交额字段,,有权限,接口返回成功,0,,0,已实现（契约通用采集器：原始层+强类型标准表）,collectors/tushare_raw.py:CatalogRawCollector
Tushare官方目录,指数专题,指数专题,国际指数,index_global,211,https://tushare.pro/document/2?doc_id=211,用户积6000积分可调取，积分越高频次越高，请自行提高积分，具体请参阅 积分获取办法,获取国际主要指数日线行情,,有权限,接口返回成功,0,,0,已实现,collectors/index/global_index.py:IndexGlobalCollector
Tushare官方目录,指数专题,指数专题,大盘指数每日指标,index_dailybasic,128,https://tushare.pro/document/2?doc_id=128,,目前只提供上证综指，深证成指，上证50，中证500，中小板指，创业板指的每日指标数据 数据来源：Tushare社区统计计算 数据历史：从2004年1月开始提供 数据权限：用户需要至少2000积分才可以调取，具体请参阅 积分获取办法,,有权限,接口返回成功,0,,0,已实现,collectors/index/dailybasic.py:IndexDailybasicCollector
Tushare官方目录,指数专题,指数专题,指数历史分钟行情,idx_mins,419,https://tushare.pro/document/2?doc_id=419,需单独开权限，正式权限请参阅 权限说明 ，可以 在线开通 分钟权限。,获取交易所指数分钟数据，支持1min/5min/15min/30min/60min行情，提供Python SDK和 http Restful API两种方式,"ts_code,freq",无权限,Tushare 明确返回无访问权限,40203,抱歉，您没有接口(idx_mins)访问权限，权限的具体详情访问：https://tushare.pro/document/1?doc_id=108。,0,未实现,
Tushare官方目录,指数专题,指数专题,指数周线行情,index_weekly,171,https://tushare.pro/document/2?doc_id=171,用户需要至少600积分才可以调取，积分越多频次越高，具体请参阅 积分获取办法,获取指数周线行情,,有权限,接口返回成功,0,,0,已实现,collectors/index/weekly.py:IndexWeeklyCollector
Tushare官方目录,指数专题,指数专题,指数基本信息,index_basic,94,https://tushare.pro/document/2?doc_id=94,,获取指数基础信息，数据起始时间1990-01-01，每天18点更新，2000积分起，单次返回8000行。,,有权限,接口返回成功,0,,1,已实现,collectors/index/basic.py:IndexBasicCollector
Tushare官方目录,指数专题,指数专题,A股实时分钟,rt_idx_min,420,https://tushare.pro/document/2?doc_id=420,正式权限请参阅 权限说明 注：支持股票当日开盘以来的所有历史分钟数据提取，接口名：rt_idx_min_daily（仅支持一个个指数提取，不同同时提取多个），可以 在线开通 权限。,获取交易所指数实时分钟数据，包括1~60min,"freq,ts_code",无权限,Tushare 明确返回无访问权限,40203,抱歉，您没有接口(rt_idx_min)访问权限，权限的具体详情访问：https://tushare.pro/document/1?doc_id=108。,0,未实现,
Tushare官方目录,指数专题,指数专题,A股实时分钟,rt_idx_min_daily,420,https://tushare.pro/document/2?doc_id=420,正式权限请参阅 权限说明 注：支持股票当日开盘以来的所有历史分钟数据提取，接口名：rt_idx_min_daily（仅支持一个个指数提取，不同同时提取多个），可以 在线开通 权限。,获取交易所指数实时分钟数据，包括1~60min,"freq,ts_code",无权限,Tushare 明确返回无访问权限,40203,抱歉，您没有接口(rt_idx_min_daily)访问权限，权限的具体详情访问：https://tushare.pro/document/1?doc_id=108。,0,未实现,
Tushare官方目录,指数专题,指数专题,交易所指数实时日线,rt_idx_k,403,https://tushare.pro/document/2?doc_id=403,本接口是单独开权限的数据，单独申请权限请参考 权限列表,获取交易所指数实时日线行情，支持按代码或代码通配符一次性提取全部交易所指数实时日k线行情,ts_code,无权限,Tushare 明确返回无访问权限,40203,抱歉，您没有接口(rt_idx_k)访问权限，权限的具体详情访问：https://tushare.pro/document/1?doc_id=108。,0,未实现,
Tushare官方目录,指数专题,指数专题,指数成分和权重,index_weight,96,https://tushare.pro/document/2?doc_id=96,用户需要至少2000积分才可以调取，具体请参阅 积分获取办法,获取各类指数成分和权重， 月度数据 ，建议输入参数里开始日期和结束日分别输入当月第一天和最后一天的日期。 来源：指数公司网站公开数据,index_code,有权限,接口返回成功,0,,7000,已实现（契约通用采集器：原始层+强类型标准表）,collectors/tushare_raw.py:CatalogRawCollector
Tushare官方目录,指数专题,指数专题,指数技术因子(专业版),idx_factor_pro,358,https://tushare.pro/document/2?doc_id=358,5000积分每分钟可以请求30次，8000积分以上每分钟500次,获取指数每日技术面因子数据，用于跟踪指数当前走势情况，数据由Tushare社区自产，覆盖全历史；输出参数_bfq表示不复权描述中说明了因子的默认传参，如需要特殊参数或者更多因子可以联系管理员评估，指数包括大盘指数 申万行业指数 中信指数,,有权限,接口返回成功,0,,0,已实现（契约通用采集器：原始层+强类型标准表）,collectors/tushare_raw.py:CatalogRawCollector
Tushare官方目录,指数专题,指数专题,指数日线行情,index_daily,95,https://tushare.pro/document/2?doc_id=95,用户累积2000积分可调取，5000积分以上频次相对较高，具体请参阅 积分获取办法,获取各类指数每日行情，可通过指数代码和日期循环获取。本接口不包含 申万行业指数行情数据 。,ts_code,有权限,接口返回成功,0,,8000,已实现,collectors/index/daily.py:IndexDailyCollector
Tushare官方目录,指数专题,指数专题,指数月线行情,index_monthly,172,https://tushare.pro/document/2?doc_id=172,用户需要至少600积分才可以调取，积分越多频次越高，具体请参阅 积分获取办法,"获取指数月线行情,每月更新一次",,有权限,接口返回成功,0,,0,已实现,collectors/index/monthly.py:IndexMonthlyCollector
Tushare官方目录,指数专题,指数专题,市场交易统计,daily_info,215,https://tushare.pro/document/2?doc_id=215,用户积600积分可调取， 频次有限制，积分越高每分钟调取频次越高，5000积分以上频次相对较高，积分获取方法请参阅 积分获取办法,获取交易所股票交易统计，包括各板块明细,,有权限,接口返回成功,0,,0,已实现（契约通用采集器：原始层+强类型标准表）,collectors/tushare_raw.py:CatalogRawCollector
Tushare官方目录,指数专题,指数专题,深圳市场每日交易概况,sz_daily_info,268,https://tushare.pro/document/2?doc_id=268,用户积2000积分可调取， 频次有限制，积分越高每分钟调取频次越高，5000积分以上频次相对较高，积分获取方法请参阅 积分获取办法,获取深圳市场每日交易概况,,有权限,接口返回成功,0,,0,已实现（契约通用采集器：原始层+强类型标准表）,collectors/tushare_raw.py:CatalogRawCollector
Tushare官方目录,指数专题,指数专题,申万实时行情,rt_sw_k,417,https://tushare.pro/document/2?doc_id=417,本接口是单独开权限的数据，单独申请权限请参考 权限列表,获取申万行业指数的最新截面数据,,无权限,Tushare 明确返回无访问权限,40203,抱歉，您没有接口(rt_sw_k)访问权限，权限的具体详情访问：https://tushare.pro/document/1?doc_id=108。,0,未实现,
Tushare官方目录,指数专题,指数专题,申万行业日线行情,sw_daily,327,https://tushare.pro/document/2?doc_id=327,,获取申万行业日线行情（默认是申万2021版行情）,,有权限,接口返回成功,0,,0,已实现（契约通用采集器：原始层+强类型标准表）,collectors/tushare_raw.py:CatalogRawCollector
Tushare官方目录,指数专题,指数专题,申万行业分类,index_classify,181,https://tushare.pro/document/2?doc_id=181,用户需2000积分可以调取，具体请参阅 积分获取办法 申万行业指数分类标准2021版 注：指数成分股小于5条该指数行情不发布 行业代码 指数代码 一级行业 二级行业 三级行业 指数类别 是否发布 变动原因 成分股数 110000 801010 农林牧渔 一级行业 1 2021保留 100 110100 801016 农林牧渔 种植业 二级行业 1 2021保留 20 110101 850111 农林牧渔 种植业 种子 三级行业 1 2021改名 8 110102 850112 农林牧渔 种植业 粮食种植 三级行业 0 2021保留 2 110103 850113 农林牧渔 种植业 其他种植业 三级行业 1 2021保留 6 110104 850114 农林牧渔 种植业 食用菌 三级行业 0 2021新增 4 110200 801015 农林牧渔 渔业 二级行业 1 2021保留 11 110201 850121 农林牧渔 渔业 海洋捕捞 三级行业 0 2021保留 2 110202 850122 农林牧渔 渔业 水产养殖 三级行业 1 2021保留 9 110300 801011 农林牧渔 林业Ⅱ 二级行业 0 2021保留 3 110301 850131 农林牧渔 林业Ⅱ 林业Ⅲ 三级行业 0 2021保留 3 110400 801014 农林牧渔 饲料 二级行业 1 2021保留 11 110402 850142 农林牧渔 饲料 畜禽饲料 三级行业 1 2021新增 7 110403 850143 农林牧渔 饲料 水产饲料 三级行业 0 2021新增 2 110404 850144 农林牧渔 饲料 宠物食品 三级行业 0 2021新增 2 110500 801012 农林牧渔 农产品加工 二级行业 1 2021保留 23 110501 850151 农林牧渔 农产品加工 果蔬加工 三级行业 1 2021保留 5 110502 850152 农林牧渔 农产品加工 粮油加工 三级行业 1 2021保留 6 110504 850154 农林牧渔 农产品加工 其他农产品加工 三级行业 1 2021保留 12 110700 801017 农林牧渔 养殖业 二级行业 1 2021改名 20 110702 850172 农林牧渔 养殖业 生猪养殖 三级行业 1 2021新增 9 110703 850173 农林牧渔 养殖业 肉鸡养殖 三级行业 1 2021新增 7 110704 850174 农林牧渔 养殖业 其他养殖 三级行业 0 2021新增 4 110800 801018 农林牧渔 动物保健Ⅱ 二级行业 1 2021保留 10 110801 850181 农林牧渔 动物保健Ⅱ 动物保健Ⅲ 三级行业 1 2021保留 10 110900 801019 农林牧渔 农业综合Ⅱ 二级行业 0 2021新增 2 110901 850191 农林牧渔 农业综合Ⅱ 农业综合Ⅲ 三级行业 0 2021新增 2 220000 801030 基础化工 一级行业 1 2021改名 311 220200 801033 基础化工 化学原料 二级行业 1 2021保留 52 220201 850321 基础化工 化学原料 纯碱 三级行业 0 2021保留 4 220202 850322 基础化工 化学原料 氯碱 三级行业 1 2021保留 17 220203 850323 基础化工 化学原料 无机盐 三级行业 1 2021保留 12 220204 850324 基础化工 化学原料 其他化学原料 三级行业 1 2021保留 6 220205 850325 基础化工 化学原料 煤化工 三级行业 1 2021新增 7 220206 850326 基础化工 化学原料 钛白粉 三级行业 1 2021新增 6 220300 801034 基础化工 化学制品 二级行业 1 2021保留 109 220305 850335 基础化工 化学制品 涂料油墨 三级行业 1 2021改名 10 220307 850337 基础化工 化学制品 民爆制品 三级行业 1 2021保留 13 220308 850338 基础化工 化学制品 纺织化学制品 三级行业 1 2021保留 10 220309 850339 基础化工 化学制品 其他化学制品 三级行业 1 2021保留 37 220311 850382 基础化工 化学制品 氟化工 三级行业 1 2021改名 8 220313 850372 基础化工 化学制品 聚氨酯 三级行业 1 2021保留 8 220315 850135 基础化工 化学制品 食品及饲料添加剂 三级行业 1 2021新增 11 220316 850136 基础化工 化学制品 有机硅 三级行业 1 2021新增 9 220317 850137 基础化工 化学制品 胶黏剂及胶带 三级行业 0 2021新增 3 220400 801032 基础化工 化学纤维 二级行业 1 2021保留 21 220401 850341 基础化工 化学纤维 涤纶 三级行业 1 2021保留 8 220403 850343 基础化工 化学纤维 粘胶 三级行业 1 2021保留 5 220404 850344 基础化工 化学纤维 其他化学纤维 三级行业 0 2021改名 2 220405 850345 基础化工 化学纤维 氨纶 三级行业 0 2021保留 3 220406 850346 基础化工 化学纤维 锦纶 三级行业 0 2021新增 3 220500 801036 基础化工 塑料 二级行业 1 2021保留 57 220501 850351 基础化工 塑料 其他塑料制品 三级行业 1 2021保留 26 220503 850353 基础化工 塑料 改性塑料 三级行业 1 2021保留 13 220504 850354 基础化工 塑料 合成树脂 三级行业 1 2021新增 6 220505 850355 基础化工 塑料 膜材料 三级行业 1 2021新增 12 220600 801037 基础化工 橡胶 二级行业 1 2021保留 14 220602 850362 基础化工 橡胶 其他橡胶制品 三级行业 1 2021保留 7 220603 850363 基础化工 橡胶 炭黑 三级行业 1 2021保留 5 220604 850364 基础化工 橡胶 橡胶助剂 三级行业 0 2021新增 2 220800 801038 基础化工 农化制品 二级行业 1 2021新增 53 220801 850331 基础化工 农化制品 氮肥 三级行业 1 2021替换代码220301 5 220802 850332 基础化工 农化制品 磷肥及磷化工 三级行业 1 2021替换代码-改名220302 7 220803 850333 基础化工 农化制品 农药 三级行业 1 2021替换代码220303 28 220804 850336 基础化工 农化制品 钾肥 三级行业 0 2021替换代码220306 4 220805 850381 基础化工 农化制品 复合肥 三级行业 1 2021替换代码220310 9 220900 801039 基础化工 非金属材料Ⅱ 二级行业 1 2021新增 5 220901 850523 基础化工 非金属材料Ⅱ 非金属材料Ⅲ 三级行业 1 2021替换代码240203 5 230000 801040 钢铁 一级行业 1 2021保留 43 230300 801043 钢铁 冶钢原料 二级行业 1 2021新增 7 230301 850431 钢铁 冶钢原料 铁矿石 三级行业 0 2021新增 4 230302 850432 钢铁 冶钢原料 冶钢辅料 三级行业 0 2021新增 3 230400 801044 钢铁 普钢 二级行业 1 2021新增 24 230401 850441 钢铁 普钢 长材 三级行业 0 2021新增 3 230402 850442 钢铁 普钢 板材 三级行业 1 2021新增 18 230403 850443 钢铁 普钢 钢铁管材 三级行业 0 2021新增 3 230500 801045 钢铁 特钢Ⅱ 二级行业 1 2021新增 12 230501 850412 钢铁 特钢Ⅱ 特钢Ⅲ 三级行业 1 2021替换代码230102 12 240000 801050 有色金属 一级行业 1 2021保留 125 240200 801051 有色金属 金属新材料 二级行业 1 2021改名 20 240201 850521 有色金属 金属新材料 其他金属新材料 三级行业 1 2021改名 9 240202 850522 有色金属 金属新材料 磁性材料 三级行业 1 2021保留 11 240300 801055 有色金属 工业金属 二级行业 1 2021保留 56 240301 850551 有色金属 工业金属 铝 三级行业 1 2021保留 31 240302 850552 有色金属 工业金属 铜 三级行业 1 2021保留 13 240303 850553 有色金属 工业金属 铅锌 三级行业 1 2021保留 12 240400 801053 有色金属 贵金属 二级行业 1 2021改名 13 240401 850531 有色金属 贵金属 黄金 三级行业 1 2021保留 11 240402 850532 有色金属 贵金属 白银 三级行业 0 2021新增 2 240500 801054 有色金属 小金属 二级行业 1 2021改名 29 240501 850541 有色金属 小金属 稀土 三级行业 0 2021保留 4 240502 850542 有色金属 小金属 钨 三级行业 0 2021保留 4 240504 850544 有色金属 小金属 其他小金属 三级行业 1 2021保留 18 240505 850545 有色金属 小金属 钼 三级行业 0 2021新增 3 240600 801056 有色金属 能源金属 二级行业 1 2021新增 7 240601 850561 有色金属 能源金属 钴 三级行业 0 2021新增 3 240602 850562 有色金属 能源金属 镍 三级行业 0 2021新增 0 240603 850543 有色金属 能源金属 锂 三级行业 0 2021替换代码240503 4 270000 801080 电子 一级行业 1 2021保留 284 270100 801081 电子 半导体 二级行业 1 2021保留 49 270102 850812 电子 半导体 分立器件 三级行业 1 2021保留 9 270103 850813 电子 半导体 半导体材料 三级行业 1 2021保留 8 270104 850814 电子 半导体 数字芯片设计 三级行业 1 2021新增 14 270105 850815 电子 半导体 模拟芯片设计 三级行业 1 2021新增 6 270106 850816 电子 半导体 集成电路制造 三级行业 0 2021新增 1 270107 850817 电子 半导体 集成电路封测 三级行业 1 2021新增 6 270108 850818 电子 半导体 半导体设备 三级行业 1 2021新增 5 270200 801083 电子 元件 二级行业 1 2021保留 43 270202 850822 电子 元件 印制电路板 三级行业 1 2021保留 32 270203 850823 电子 元件 被动元件 三级行业 1 2021保留 11 270300 801084 电子 光学光电子 二级行业 1 2021保留 76 270301 850831 电子 光学光电子 面板 三级行业 1 2021改名 33 270302 850832 电子 光学光电子 LED 三级行业 1 2021保留 29 270303 850833 电子 光学光电子 光学元件 三级行业 1 2021保留 14 270400 801082 电子 其他电子Ⅱ 二级行业 1 2021保留 26 270401 850841 电子 其他电子Ⅱ 其他电子Ⅲ 三级行业 1 2021保留 26 270500 801085 电子 消费电子 二级行业 1 2021改名 74 270503 850853 电子 消费电子 品牌消费电子 三级行业 1 2021新增 5 270504 850854 电子 消费电子 消费电子零部件及组装 三级行业 1 2021新增 69 270600 801086 电子 电子化学品Ⅱ 二级行业 1 2021新增 16 270601 850861 电子 电子化学品Ⅱ 电子化学品Ⅲ 三级行业 1 2021新增 16 280000 801880 汽车 一级行业 1 2021保留 221 280200 801093 汽车 汽车零部件 二级行业 1 2021保留 171 280202 850922 汽车 汽车零部件 车身附件及饰件 三级行业 1 2021新增 23 280203 850923 汽车 汽车零部件 底盘与发动机系统 三级行业 1 2021新增 78 280204 850924 汽车 汽车零部件 轮胎轮毂 三级行业 1 2021新增 18 280205 850925 汽车 汽车零部件 其他汽车零部件 三级行业 1 2021新增 33 280206 850926 汽车 汽车零部件 汽车电子电气系统 三级行业 1 2021新增 19 280300 801092 汽车 汽车服务 二级行业 1 2021保留 14 280302 850232 汽车 汽车服务 汽车经销商 三级行业 1 2021新增 9 280303 850233 汽车 汽车服务 汽车综合服务 三级行业 1 2021新增 5 280400 801881 汽车 摩托车及其他 二级行业 1 2021改名 14 280401 858811 汽车 摩托车及其他 其他运输设备 三级行业 1 2021保留 6 280402 858812 汽车 摩托车及其他 摩托车 三级行业 1 2021新增 8 280500 801095 汽车 乘用车 二级行业 1 2021新增 9 280501 850951 汽车 乘用车 电动乘用车 三级行业 0 2021新增 1 280502 850952 汽车 乘用车 综合乘用车 三级行业 1 2021新增 8 280600 801096 汽车 商用车 二级行业 1 2021新增 13 280601 850912 汽车 商用车 商用载货车 三级行业 1 2021替换代码280102 7 280602 850913 汽车 商用车 商用载客车 三级行业 1 2021替换代码280103 6 330000 801110 家用电器 一级行业 1 2021保留 77 330100 801111 家用电器 白色家电 二级行业 1 2021保留 10 330102 851112 家用电器 白色家电 空调 三级行业 1 2021保留 5 330106 851116 家用电器 白色家电 冰洗 三级行业 1 2021新增 5 330200 801112 家用电器 黑色家电 二级行业 1 2021改名 9 330201 851121 家用电器 黑色家电 彩电 三级行业 0 2021保留 4 330202 851122 家用电器 黑色家电 其他黑色家电 三级行业 1 2021改名 5 330300 801113 家用电器 小家电 二级行业 1 2021新增 14 330301 851131 家用电器 小家电 厨房小家电 三级行业 1 2021新增 11 330302 851132 家用电器 小家电 清洁小家电 三级行业 0 2021新增 2 330303 851133 家用电器 小家电 个护小家电 三级行业 0 2021新增 1 330400 801114 家用电器 厨卫电器 二级行业 1 2021新增 9 330401 851141 家用电器 厨卫电器 厨房电器 三级行业 1 2021新增 6 330402 851142 家用电器 厨卫电器 卫浴电器 三级行业 0 2021新增 3 330500 801115 家用电器 照明设备Ⅱ 二级行业 1 2021新增 8 330501 851151 家用电器 照明设备Ⅱ 照明设备Ⅲ 三级行业 1 2021新增 8 330600 801116 家用电器 家电零部件Ⅱ 二级行业 1 2021新增 24 330601 851161 家用电器 家电零部件Ⅱ 家电零部件Ⅲ 三级行业 1 2021新增 24 330700 801117 家用电器 其他家电Ⅱ 二级行业 0 2021新增 3 330701 851171 家用电器 其他家电Ⅱ 其他家电Ⅲ 三级行业 0 2021新增 3 340000 801120 食品饮料 一级行业 1 2021保留 113 340400 801124 食品饮料 食品加工 二级行业 1 2021保留 18 340401 851241 食品饮料 食品加工 肉制品 三级行业 1 2021保留 6 340404 851244 食品饮料 食品加工 其他食品 三级行业 0 2021改名 0 340406 851246 食品饮料 食品加工 预加工食品 三级行业 1 2021新增 7 340407 851247 食品饮料 食品加工 保健品 三级行业 1 2021新增 5 340500 801125 食品饮料 白酒Ⅱ 二级行业 1 2021新增 19 340501 851251 食品饮料 白酒Ⅱ 白酒Ⅲ 三级行业 1 2021新增 19 340600 801126 食品饮料 非白酒 二级行业 1 2021新增 17 340601 851232 食品饮料 非白酒 啤酒 三级行业 1 2021替换代码340302 7 340602 851233 食品饮料 非白酒 其他酒类 三级行业 1 2021替换代码340303 10 340700 801127 食品饮料 饮料乳品 二级行业 1 2021新增 26 340701 851271 食品饮料 饮料乳品 软饮料 三级行业 1 2021新增 8 340702 851243 食品饮料 饮料乳品 乳品 三级行业 1 2021替换代码340403 18 340800 801128 食品饮料 休闲食品 二级行业 1 2021新增 19 340801 851281 食品饮料 休闲食品 零食 三级行业 1 2021新增 9 340802 851282 食品饮料 休闲食品 烘焙食品 三级行业 1 2021新增 8 340803 851283 食品饮料 休闲食品 熟食 三级行业 0 2021新增 2 340900 801129 食品饮料 调味发酵品Ⅱ 二级行业 1 2021新增 14 340901 851242 食品饮料 调味发酵品Ⅱ 调味发酵品Ⅲ 三级行业 1 2021替换代码340402 14 350000 801130 纺织服饰 一级行业 1 2021改名 113 350100 801131 纺织服饰 纺织制造 二级行业 1 2021保留 38 350102 851312 纺织服饰 纺织制造 棉纺 三级行业 1 2021保留 9 350104 851314 纺织服饰 纺织制造 印染 三级行业 1 2021保留 5 350105 851315 纺织服饰 纺织制造 辅料 三级行业 1 2021保留 5 350106 851316 纺织服饰 纺织制造 其他纺织 三级行业 1 2021保留 18 350107 851317 纺织服饰 纺织制造 纺织鞋类制造 三级行业 0 2021新增 1 350200 801132 纺织服饰 服装家纺 二级行业 1 2021保留 59 350205 851325 纺织服饰 服装家纺 鞋帽及其他 三级行业 1 2021改名 16 350206 851326 纺织服饰 服装家纺 家纺 三级行业 1 2021保留 6 350208 851328 纺织服饰 服装家纺 运动服装 三级行业 0 2021新增 3 350209 851329 纺织服饰 服装家纺 非运动服装 三级行业 1 2021新增 34 350300 801133 纺织服饰 饰品 二级行业 1 2021新增 16 350301 851331 纺织服饰 饰品 钟表珠宝 三级行业 1 2021新增 14 350302 851332 纺织服饰 饰品 多品类奢侈品 三级行业 0 2021新增 0 350303 851333 纺织服饰 饰品 其他饰品 三级行业 0 2021新增 2 360000 801140 轻工制造 一级行业 1 2021保留 131 360100 801143 轻工制造 造纸 二级行业 1 2021保留 22 360102 851412 轻工制造 造纸 大宗用纸 三级行业 1 2021新增 11 360103 851413 轻工制造 造纸 特种纸 三级行业 1 2021新增 11 360200 801141 轻工制造 包装印刷 二级行业 1 2021保留 37 360202 851422 轻工制造 包装印刷 印刷 三级行业 1 2021新增 5 360203 851423 轻工制造 包装印刷 金属包装 三级行业 1 2021新增 7 360204 851424 轻工制造 包装印刷 塑料包装 三级行业 1 2021新增 5 360205 851425 轻工制造 包装印刷 纸包装 三级行业 1 2021新增 16 360206 851426 轻工制造 包装印刷 综合包装 三级行业 0 2021新增 4 360300 801142 轻工制造 家居用品 二级行业 1 2021改名 58 360306 851436 轻工制造 家居用品 瓷砖地板 三级行业 1 2021新增 10 360307 851437 轻工制造 家居用品 成品家居 三级行业 1 2021新增 14 360308 851438 轻工制造 家居用品 定制家居 三级行业 1 2021新增 13 360309 851439 轻工制造 家居用品 卫浴制品 三级行业 1 2021新增 5 360311 851491 轻工制造 家居用品 其他家居用品 三级行业 1 2021新增 16 360500 801145 轻工制造 文娱用品 二级行业 1 2021新增 14 360501 851451 轻工制造 文娱用品 文化用品 三级行业 0 2021新增 3 360502 851452 轻工制造 文娱用品 娱乐用品 三级行业 1 2021新增 11 370000 801150 医药生物 一级行业 1 2021保留 331 370100 801151 医药生物 化学制药 二级行业 1 2021保留 111 370101 851511 医药生物 化学制药 原料药 三级行业 1 2021保留 29 370102 851512 医药生物 化学制药 化学制剂 三级行业 1 2021保留 82 370200 801155 医药生物 中药Ⅱ 二级行业 1 2021保留 70 370201 851521 医药生物 中药Ⅱ 中药Ⅲ 三级行业 1 2021保留 70 370300 801152 医药生物 生物制品 二级行业 1 2021保留 27 370302 851522 医药生物 生物制品 血液制品 三级行业 1 2021新增 6 370303 851523 医药生物 生物制品 疫苗 三级行业 1 2021新增 5 370304 851524 医药生物 生物制品 其他生物制品 三级行业 1 2021新增 16 370400 801154 医药生物 医药商业 二级行业 1 2021保留 32 370402 851542 医药生物 医药商业 医药流通 三级行业 1 2021新增 25 370403 851543 医药生物 医药商业 线下药店 三级行业 1 2021新增 7 370404 851544 医药生物 医药商业 互联网药店 三级行业 0 2021新增 0 370500 801153 医药生物 医疗器械 二级行业 1 2021保留 62 370502 851532 医药生物 医疗器械 医疗设备 三级行业 1 2021新增 18 370503 851533 医药生物 医疗器械 医疗耗材 三级行业 1 2021新增 23 370504 851534 医药生物 医疗器械 体外诊断 三级行业 1 2021新增 21 370600 801156 医药生物 医疗服务 二级行业 1 2021保留 29 370602 851562 医药生物 医疗服务 诊断服务 三级行业 0 2021新增 4 370603 851563 医药生物 医疗服务 医疗研发外包 三级行业 1 2021新增 12 370604 851564 医药生物 医疗服务 医院 三级行业 1 2021新增 12 370605 851565 医药生物 医疗服务 其他医疗服务 三级行业 0 2021新增 1 410000 801160 公用事业 一级行业 1 2021保留 120 410100 801161 公用事业 电力 二级行业 1 2021保留 92 410101 851611 公用事业 电力 火力发电 三级行业 1 2021保留 28 410102 851612 公用事业 电力 水力发电 三级行业 1 2021保留 11 410104 851614 公用事业 电力 热力服务 三级行业 1 2021保留 15 410106 851616 公用事业 电力 光伏发电 三级行业 1 2021新增 13 410107 851617 公用事业 电力 风力发电 三级行业 1 2021新增 8 410108 851618 公用事业 电力 核力发电 三级行业 0 2021新增 2 410109 851619 公用事业 电力 其他能源发电 三级行业 0 2021新增 1 410110 851610 公用事业 电力 电能综合服务 三级行业 1 2021新增 14 410300 801163 公用事业 燃气Ⅱ 二级行业 1 2021保留 28 410301 851631 公用事业 燃气Ⅱ 燃气Ⅲ 三级行业 1 2021保留 28 420000 801170 交通运输 一级行业 1 2021保留 128 420800 801178 交通运输 物流 二级行业 1 2021保留 49 420802 851782 交通运输 物流 原材料供应链服务 三级行业 1 2021新增 14 420803 851783 交通运输 物流 中间产品及消费品供应链服务 三级行业 1 2021新增 8 420804 851784 交通运输 物流 快递 三级行业 1 2021新增 5 420805 851785 交通运输 物流 跨境物流 三级行业 1 2021新增 9 420806 851786 交通运输 物流 仓储物流 三级行业 1 2021新增 5 420807 851787 交通运输 物流 公路货运 三级行业 1 2021新增 8 420900 801179 交通运输 铁路公路 二级行业 1 2021新增 38 420901 851731 交通运输 铁路公路 高速公路 三级行业 1 2021替换代码420201 22 420902 851721 交通运输 铁路公路 公交 三级行业 1 2021替换代码420301 9 420903 851771 交通运输 铁路公路 铁路运输 三级行业 1 2021替换代码420701 7 421000 801991 交通运输 航空机场 二级行业 1 2021新增 12 421001 851741 交通运输 航空机场 航空运输 三级行业 1 2021替换代码420401 8 421002 851751 交通运输 航空机场 机场 三级行业 0 2021替换代码420501 4 421100 801992 交通运输 航运港口 二级行业 1 2021新增 29 421101 851761 交通运输 航运港口 航运 三级行业 1 2021替换代码420601 12 421102 851711 交通运输 航运港口 港口 三级行业 1 2021替换代码420101 17 430000 801180 房地产 一级行业 1 2021保留 131 430100 801181 房地产 房地产开发 二级行业 1 2021保留 122 430101 851811 房地产 房地产开发 住宅开发 三级行业 1 2021改名 101 430102 851812 房地产 房地产开发 商业地产 三级行业 1 2021新增 10 430103 851813 房地产 房地产开发 产业地产 三级行业 1 2021新增 11 430300 801183 房地产 房地产服务 二级行业 1 2021新增 9 430301 851831 房地产 房地产服务 物业管理 三级行业 1 2021新增 6 430302 851832 房地产 房地产服务 房产租赁经纪 三级行业 0 2021新增 3 430303 851833 房地产 房地产服务 房地产综合服务 三级行业 0 2021新增 0 450000 801200 商贸零售 一级行业 1 2021保留 104 450200 801202 商贸零售 贸易Ⅱ 二级行业 1 2021保留 15 450201 852021 商贸零售 贸易Ⅱ 贸易Ⅲ 三级行业 1 2021保留 15 450300 801203 商贸零售 一般零售 二级行业 1 2021保留 68 450301 852031 商贸零售 一般零售 百货 三级行业 1 2021保留 25 450302 852032 商贸零售 一般零售 超市 三级行业 1 2021保留 11 450303 852033 商贸零售 一般零售 多业态零售 三级行业 1 2021保留 16 450304 852034 商贸零售 一般零售 商业物业经营 三级行业 1 2021新增 16 450400 801204 商贸零售 专业连锁Ⅱ 二级行业 1 2021改名 7 450401 852041 商贸零售 专业连锁Ⅱ 专业连锁Ⅲ 三级行业 1 2021保留 7 450600 801206 商贸零售 互联网电商 二级行业 1 2021新增 13 450601 852061 商贸零售 互联网电商 综合电商 三级行业 0 2021新增 2 450602 852062 商贸零售 互联网电商 跨境电商 三级行业 1 2021新增 6 450603 852063 商贸零售 互联网电商 电商服务 三级行业 1 2021新增 5 450700 801207 商贸零售 旅游零售Ⅱ 二级行业 0 2021新增 1 450701 852071 商贸零售 旅游零售Ⅱ 旅游零售Ⅲ 三级行业 0 2021新增 1 460000 801210 社会服务 一级行业 1 2021改名 72 460600 801216 社会服务 体育Ⅱ 二级行业 0 2021新增 4 460601 852161 社会服务 体育Ⅱ 体育Ⅲ 三级行业 0 2021新增 4 460700 801217 社会服务 本地生活服务Ⅱ 二级行业 0 2021新增 0 460701 852171 社会服务 本地生活服务Ⅱ 本地生活服务Ⅲ 三级行业 0 2021新增 0 460800 801218 社会服务 专业服务 二级行业 1 2021新增 16 460801 852181 社会服务 专业服务 人力资源服务 三级行业 0 2021新增 1 460802 852182 社会服务 专业服务 检测服务 三级行业 1 2021新增 9 460803 852183 社会服务 专业服务 会展服务 三级行业 1 2021新增 5 460804 852184 社会服务 专业服务 其他专业服务 三级行业 0 2021新增 1 460900 801219 社会服务 酒店餐饮 二级行业 1 2021新增 10 460901 852121 社会服务 酒店餐饮 酒店 三级行业 1 2021替换代码460201 6 460902 852141 社会服务 酒店餐饮 餐饮 三级行业 0 2021替换代码460401 4 461000 801993 社会服务 旅游及景区 二级行业 1 2021新增 21 461001 859931 社会服务 旅游及景区 博彩 三级行业 0 2021新增 0 461002 852111 社会服务 旅游及景区 人工景区 三级行业 1 2021替换代码460101 6 461003 852112 社会服务 旅游及景区 自然景区 三级行业 1 2021替换代码460102 10 461004 852131 社会服务 旅游及景区 旅游综合 三级行业 1 2021替换代码460301 5 461100 801994 社会服务 教育 二级行业 1 2021新增 21 461101 859851 社会服务 教育 学历教育 三级行业 0 2021新增 2 461102 859852 社会服务 教育 培训教育 三级行业 1 2021新增 15 461103 859853 社会服务 教育 教育运营及其他 三级行业 0 2021新增 4 480000 801780 银行 一级行业 1 2021保留 41 480200 801782 银行 国有大型银行Ⅱ 二级行业 1 2021新增 6 480201 857821 银行 国有大型银行Ⅱ 国有大型银行Ⅲ 三级行业 1 2021新增 6 480300 801783 银行 股份制银行Ⅱ 二级行业 1 2021新增 9 480301 857831 银行 股份制银行Ⅱ 股份制银行Ⅲ 三级行业 1 2021新增 9 480400 801784 银行 城商行Ⅱ 二级行业 1 2021新增 16 480401 857841 银行 城商行Ⅱ 城商行Ⅲ 三级行业 1 2021新增 16 480500 801785 银行 农商行Ⅱ 二级行业 1 2021新增 10 480501 857851 银行 农商行Ⅱ 农商行Ⅲ 三级行业 1 2021新增 10 480600 801786 银行 其他银行Ⅱ 二级行业 0 2021新增 0 480601 857861 银行 其他银行Ⅱ 其他银行Ⅲ 三级行业 0 2021新增 0 490000 801790 非银金融 一级行业 1 2021保留 87 490100 801193 非银金融 证券Ⅱ 二级行业 1 2021保留 49 490101 851931 非银金融 证券Ⅱ 证券Ⅲ 三级行业 1 2021保留 49 490200 801194 非银金融 保险Ⅱ 二级行业 1 2021保留 7 490201 851941 非银金融 保险Ⅱ 保险Ⅲ 三级行业 1 2021保留 7 490300 801191 非银金融 多元金融 二级行业 1 2021保留 31 490302 851922 非银金融 多元金融 金融控股 三级行业 1 2021新增 13 490303 851923 非银金融 多元金融 期货 三级行业 0 2021新增 2 490304 851924 非银金融 多元金融 信托 三级行业 0 2021新增 3 490305 851925 非银金融 多元金融 租赁 三级行业 0 2021新增 4 490306 851926 非银金融 多元金融 金融信息服务 三级行业 0 2021新增 3 490307 851927 非银金融 多元金融 资产管理 三级行业 1 2021新增 5 490308 851928 非银金融 多元金融 其他多元金融 三级行业 0 2021新增 1 510000 801230 综合 一级行业 1 2021保留 40 510100 801231 综合 综合Ⅱ 二级行业 1 2021保留 40 510101 852311 综合 综合Ⅱ 综合Ⅲ 三级行业 1 2021保留 40 610000 801710 建筑材料 一级行业 1 2021保留 76 610100 801711 建筑材料 水泥 二级行业 1 2021改名 25 610101 857111 建筑材料 水泥 水泥制造 三级行业 1 2021新增 18 610102 857112 建筑材料 水泥 水泥制品 三级行业 1 2021新增 7 610200 801712 建筑材料 玻璃玻纤 二级行业 1 2021改名 16 610201 857121 建筑材料 玻璃玻纤 玻璃制造 三级行业 1 2021新增 9 610202 857122 建筑材料 玻璃玻纤 玻纤制造 三级行业 1 2021新增 7 610300 801713 建筑材料 装修建材 二级行业 1 2021改名 35 610301 850615 建筑材料 装修建材 耐火材料 三级行业 1 2021保留 5 610302 850616 建筑材料 装修建材 管材 三级行业 1 2021保留 8 610303 850614 建筑材料 装修建材 其他建材 三级行业 1 2021保留 17 610304 850617 建筑材料 装修建材 防水材料 三级行业 0 2021新增 3 610305 850618 建筑材料 装修建材 涂料 三级行业 0 2021新增 2 620000 801720 建筑装饰 一级行业 1 2021保留 147 620100 801721 建筑装饰 房屋建设Ⅱ 二级行业 1 2021保留 9 620101 850623 建筑装饰 房屋建设Ⅱ 房屋建设Ⅲ 三级行业 1 2021保留 9 620200 801722 建筑装饰 装修装饰Ⅱ 二级行业 1 2021保留 28 620201 857221 建筑装饰 装修装饰Ⅱ 装修装饰Ⅲ 三级行业 1 2021保留 28 620300 801723 建筑装饰 基础建设 二级行业 1 2021保留 46 620306 857236 建筑装饰 基础建设 基建市政工程 三级行业 1 2021新增 23 620307 857251 建筑装饰 基础建设 园林工程 三级行业 1 2021替换代码620501 23 620400 801724 建筑装饰 专业工程 二级行业 1 2021保留 34 620401 857241 建筑装饰 专业工程 钢结构 三级行业 1 2021保留 9 620402 857242 建筑装饰 专业工程 化学工程 三级行业 1 2021保留 7 620403 857243 建筑装饰 专业工程 国际工程 三级行业 1 2021改名 5 620404 857244 建筑装饰 专业工程 其他专业工程 三级行业 1 2021保留 13 620600 801726 建筑装饰 工程咨询服务Ⅱ 二级行业 1 2021新增 30 620601 857261 建筑装饰 工程咨询服务Ⅱ 工程咨询服务Ⅲ 三级行业 1 2021新增 30 630000 801730 电力设备 一级行业 1 2021改名 239 630100 801731 电力设备 电机Ⅱ 二级行业 1 2021保留 19 630101 850741 电力设备 电机Ⅱ 电机Ⅲ 三级行业 1 2021保留 19 630300 801733 电力设备 其他电源设备Ⅱ 二级行业 1 2021改名 25 630301 857331 电力设备 其他电源设备Ⅱ 综合电力设备商 三级行业 0 2021保留 3 630304 857334 电力设备 其他电源设备Ⅱ 火电设备 三级行业 1 2021保留 6 630306 857336 电力设备 其他电源设备Ⅱ 其他电源设备Ⅲ 三级行业 1 2021保留 16 630500 801735 电力设备 光伏设备 二级行业 1 2021新增 32 630501 857351 电力设备 光伏设备 硅料硅片 三级行业 0 2021新增 3 630502 857352 电力设备 光伏设备 光伏电池组件 三级行业 1 2021新增 9 630503 857353 电力设备 光伏设备 逆变器 三级行业 0 2021新增 3 630504 857354 电力设备 光伏设备 光伏辅材 三级行业 1 2021新增 10 630505 857355 电力设备 光伏设备 光伏加工设备 三级行业 1 2021新增 7 630600 801736 电力设备 风电设备 二级行业 1 2021新增 18 630601 857361 电力设备 风电设备 风电整机 三级行业 0 2021新增 4 630602 857362 电力设备 风电设备 风电零部件 三级行业 1 2021新增 14 630700 801737 电力设备 电池 二级行业 1 2021新增 41 630701 857371 电力设备 电池 锂电池 三级行业 1 2021新增 12 630702 857372 电力设备 电池 电池化学品 三级行业 1 2021新增 17 630703 857373 电力设备 电池 锂电专用设备 三级行业 1 2021新增 5 630704 857374 电力设备 电池 燃料电池 三级行业 0 2021新增 0 630705 857375 电力设备 电池 蓄电池及其他电池 三级行业 1 2021新增 7 630800 801738 电力设备 电网设备 二级行业 1 2021新增 104 630801 857381 电力设备 电网设备 输变电设备 三级行业 1 2021新增 27 630802 857382 电力设备 电网设备 配电设备 三级行业 1 2021新增 16 630803 857321 电力设备 电网设备 电网自动化设备 三级行业 1 2021替换代码630201 18 630804 857323 电力设备 电网设备 电工仪器仪表 三级行业 1 2021替换代码-改名630203 14 630805 857344 电力设备 电网设备 线缆部件及其他 三级行业 1 2021替换代码630204 29 640000 801890 机械设备 一级行业 1 2021保留 379 640100 801072 机械设备 通用设备 二级行业 1 2021改名 161 640101 850711 机械设备 通用设备 机床工具 三级行业 1 2021保留 13 640103 850713 机械设备 通用设备 磨具磨料 三级行业 1 2021保留 13 640105 850715 机械设备 通用设备 制冷空调设备 三级行业 1 2021保留 12 640106 850716 机械设备 通用设备 其他通用设备 三级行业 1 2021改名 31 640107 850731 机械设备 通用设备 仪器仪表 三级行业 1 2021替换代码640301 32 640108 850751 机械设备 通用设备 金属制品 三级行业 1 2021替换代码640401 60 640200 801074 机械设备 专用设备 二级行业 1 2021保留 133 640203 850725 机械设备 专用设备 能源及重型设备 三级行业 1 2021改名 38 640204 850728 机械设备 专用设备 楼宇设备 三级行业 1 2021保留 15 640206 850721 机械设备 专用设备 纺织服装设备 三级行业 1 2021保留 10 640207 850723 机械设备 专用设备 农用机械 三级行业 0 2021保留 3 640208 850726 机械设备 专用设备 印刷包装机械 三级行业 1 2021保留 9 640209 850727 机械设备 专用设备 其他专用设备 三级行业 1 2021改名 58 640500 801076 机械设备 轨交设备Ⅱ 二级行业 1 2021改名 21 640501 850936 机械设备 轨交设备Ⅱ 轨交设备Ⅲ 三级行业 1 2021改名 21 640600 801077 机械设备 工程机械 二级行业 1 2021新增 21 640601 850771 机械设备 工程机械 工程机械整机 三级行业 1 2021新增 16 640602 850772 机械设备 工程机械 工程机械器件 三级行业 1 2021新增 5 640700 801078 机械设备 自动化设备 二级行业 1 2021新增 43 640701 850781 机械设备 自动化设备 机器人 三级行业 1 2021新增 11 640702 850782 机械设备 自动化设备 工控设备 三级行业 1 2021新增 17 640703 850783 机械设备 自动化设备 激光设备 三级行业 1 2021新增 6 640704 850784 机械设备 自动化设备 其他自动化设备 三级行业 1 2021新增 9 650000 801740 国防军工 一级行业 1 2021保留 97 650100 801741 国防军工 航天装备Ⅱ 二级行业 1 2021保留 8 650101 857411 国防军工 航天装备Ⅱ 航天装备Ⅲ 三级行业 1 2021保留 8 650200 801742 国防军工 航空装备Ⅱ 二级行业 1 2021保留 35 650201 857421 国防军工 航空装备Ⅱ 航空装备Ⅲ 三级行业 1 2021保留 35 650300 801743 国防军工 地面兵装Ⅱ 二级行业 1 2021保留 9 650301 857431 国防军工 地面兵装Ⅱ 地面兵装Ⅲ 三级行业 1 2021保留 9 650400 801744 国防军工 航海装备Ⅱ 二级行业 1 2021改名 12 650401 850935 国防军工 航海装备Ⅱ 航海装备Ⅲ 三级行业 1 2021改名 12 650500 801745 国防军工 军工电子Ⅱ 二级行业 1 2021新增 33 650501 857451 国防军工 军工电子Ⅱ 军工电子Ⅲ 三级行业 1 2021新增 33 710000 801750 计算机 一级行业 1 2021保留 239 710100 801101 计算机 计算机设备 二级行业 1 2021保留 64 710102 850702 计算机 计算机设备 安防设备 三级行业 1 2021新增 16 710103 850703 计算机 计算机设备 其他计算机设备 三级行业 1 2021新增 48 710300 801103 计算机 IT服务Ⅱ 二级行业 1 2021新增 90 710301 852226 计算机 IT服务Ⅱ IT服务Ⅲ 三级行业 1 2021替换代码710202 90 710400 801104 计算机 软件开发 二级行业 1 2021新增 85 710401 851041 计算机 软件开发 垂直应用软件 三级行业 1 2021新增 69 710402 851042 计算机 软件开发 横向通用软件 三级行业 1 2021新增 16 720000 801760 传媒 一级行业 1 2021保留 149 720400 801764 传媒 游戏Ⅱ 二级行业 1 2021新增 38 720401 857641 传媒 游戏Ⅱ 游戏Ⅲ 三级行业 1 2021新增 38 720500 801765 传媒 广告营销 二级行业 1 2021新增 38 720501 857651 传媒 广告营销 营销代理 三级行业 1 2021新增 34 720502 857652 传媒 广告营销 广告媒体 三级行业 0 2021新增 4 720600 801766 传媒 影视院线 二级行业 1 2021新增 23 720601 857661 传媒 影视院线 影视动漫制作 三级行业 1 2021新增 19 720602 857662 传媒 影视院线 院线 三级行业 0 2021新增 4 720700 801767 传媒 数字媒体 二级行业 1 2021新增 11 720701 857671 传媒 数字媒体 视频媒体 三级行业 0 2021新增 2 720702 857672 传媒 数字媒体 音频媒体 三级行业 0 2021新增 0 720703 857673 传媒 数字媒体 图片媒体 三级行业 0 2021新增 1 720704 857674 传媒 数字媒体 门户网站 三级行业 1 2021新增 7 720705 857675 传媒 数字媒体 文字媒体 三级行业 0 2021新增 1 720706 857676 传媒 数字媒体 其他数字媒体 三级行业 0 2021新增 0 720800 801768 传媒 社交Ⅱ 二级行业 0 2021新增 0 720801 857681 传媒 社交Ⅱ 社交Ⅲ 三级行业 0 2021新增 0 720900 801769 传媒 出版 二级行业 1 2021新增 27 720901 857691 传媒 出版 教育出版 三级行业 1 2021新增 10 720902 857692 传媒 出版 大众出版 三级行业 1 2021新增 17 720903 857693 传媒 出版 其他出版 三级行业 0 2021新增 0 721000 801995 传媒 电视广播Ⅱ 二级行业 1 2021新增 12 721001 859951 传媒 电视广播Ⅱ 电视广播Ⅲ 三级行业 1 2021新增 12 730000 801770 通信 一级行业 1 2021保留 100 730100 801223 通信 通信服务 二级行业 1 2021改名 34 730102 852212 通信 通信服务 电信运营商 三级行业 0 2021新增 4 730103 852213 通信 通信服务 通信工程及服务 三级行业 1 2021新增 19 730104 852214 通信 通信服务 通信应用增值服务 三级行业 1 2021新增 11 730200 801102 通信 通信设备 二级行业 1 2021保留 66 730204 851024 通信 通信设备 通信网络设备及器件 三级行业 1 2021新增 24 730205 851025 通信 通信设备 通信线缆及配套 三级行业 1 2021新增 11 730206 851026 通信 通信设备 通信终端及配件 三级行业 1 2021新增 23 730207 851027 通信 通信设备 其他通信设备 三级行业 1 2021新增 8 740000 801950 煤炭 一级行业 1 2021新增 38 740100 801951 煤炭 煤炭开采 二级行业 1 2021新增 29 740101 859511 煤炭 煤炭开采 动力煤 三级行业 1 2021新增 18 740102 859512 煤炭 煤炭开采 焦煤 三级行业 1 2021新增 11 740200 801952 煤炭 焦炭Ⅱ 二级行业 1 2021新增 9 740201 859521 煤炭 焦炭Ⅱ 焦炭Ⅲ 三级行业 1 2021新增 9 750000 801960 石油石化 一级行业 1 2021新增 47 750100 801961 石油石化 油气开采Ⅱ 二级行业 0 2021新增 4 750101 859611 石油石化 油气开采Ⅱ 油气开采Ⅲ 三级行业 0 2021新增 4 750200 801962 石油石化 油服工程 二级行业 1 2021新增 14 750201 859621 石油石化 油服工程 油田服务 三级行业 1 2021新增 7 750202 859622 石油石化 油服工程 油气及炼化工程 三级行业 1 2021新增 7 750300 801963 石油石化 炼化及贸易 二级行业 1 2021新增 29 750301 859631 石油石化 炼化及贸易 炼油化工 三级行业 1 2021新增 9 750302 859632 石油石化 炼化及贸易 油品石化贸易 三级行业 1 2021新增 6 750303 859633 石油石化 炼化及贸易 其他石化 三级行业 1 2021新增 14 760000 801970 环保 一级行业 1 2021新增 97 760100 801971 环保 环境治理 二级行业 1 2021新增 82 760101 859711 环保 环境治理 大气治理 三级行业 1 2021新增 8 760102 859712 环保 环境治理 水务及水治理 三级行业 1 2021新增 40 760103 859713 环保 环境治理 固废治理 三级行业 1 2021新增 23 760104 859714 环保 环境治理 综合环境治理 三级行业 1 2021新增 11 760200 801972 环保 环保设备Ⅱ 二级行业 1 2021新增 15 760201 859721 环保 环保设备Ⅱ 环保设备Ⅲ 三级行业 1 2021新增 15 770000 801980 美容护理 一级行业 1 2021新增 27 770100 801981 美容护理 个护用品 二级行业 1 2021新增 12 770101 859811 美容护理 个护用品 生活用纸 三级行业 1 2021新增 8 770102 859812 美容护理 个护用品 洗护用品 三级行业 0 2021新增 4 770200 801982 美容护理 化妆品 二级行业 1 2021新增 13 770201 859821 美容护理 化妆品 化妆品制造及其他 三级行业 1 2021新增 7 770202 859822 美容护理 化妆品 品牌化妆品 三级行业 1 2021新增 6 770300 801983 美容护理 医疗美容 二级行业 0 2021新增 2 770301 859831 美容护理 医疗美容 医美耗材 三级行业 0 2021新增 1 770302 859832 美容护理 医疗美容 医美服务 三级行业 0 2021新增 1,获取申万行业分类，可以获取申万2014年版本（28个一级分类，104个二级分类，227个三级分类）和2021年本版（31个一级分类，134个二级分类，346个三级分类）列表信息,,有权限,接口返回成功,0,,359,已实现（契约通用采集器：原始层+强类型标准表）,collectors/tushare_raw.py:CatalogRawCollector
Tushare官方目录,指数专题,指数专题,申万行业成分构成(分级),index_member_all,335,https://tushare.pro/document/2?doc_id=335,用户需2000积分可调取，积分获取方法请参阅 积分获取办法,按三级分类提取申万行业成分，可提供某个分类的所有成分，也可按股票代码提取所属分类，参数灵活,,有权限,接口返回成功,0,,0,已实现（契约通用采集器：原始层+强类型标准表）,collectors/tushare_raw.py:CatalogRawCollector
Tushare官方目录,期权数据,期权数据,期权历史分钟行情,opt_mins,341,https://tushare.pro/document/2?doc_id=341,正式权限请参阅 权限说明 。,获取全市场期权合约分钟数据，支持1min/5min/15min/30min/60min行情，提供Python SDK和 http Restful API两种方式。,"ts_code,freq",无权限,Tushare 明确返回无访问权限,40203,抱歉，您没有接口(opt_mins)访问权限，权限的具体详情访问：https://tushare.pro/document/1?doc_id=108。,0,未实现,
Tushare官方目录,期权数据,期权数据,期权合约信息,opt_basic,158,https://tushare.pro/document/2?doc_id=158,用户需要至少5000积分可以调取，具体请参阅 积分获取办法,获取期权合约信息,,有权限,接口返回成功,0,,1,已实现（契约通用采集器：原始层+强类型标准表）,collectors/tushare_raw.py:CatalogRawCollector
Tushare官方目录,期权数据,期权数据,期权日线行情,opt_daily,159,https://tushare.pro/document/2?doc_id=159,用户需要至少2000积分才可以调取，但有流量控制，请自行提高积分，积分越多权限越大，具体请参阅 积分获取办法,获取期权日线行情,,有权限,接口返回成功,0,,0,已实现（契约通用采集器：原始层+强类型标准表）,collectors/tushare_raw.py:CatalogRawCollector
Tushare官方目录,期货数据,期货数据,仓单日报,fut_wsr,140,https://tushare.pro/document/2?doc_id=140,用户需要至少2000积分才可以调取，具体请参阅 积分获取办法,获取仓单日报数据，了解各仓库/厂库的仓单变化,,有权限,接口返回成功,0,,0,已实现（契约通用采集器：原始层+强类型标准表）,collectors/tushare_raw.py:CatalogRawCollector
Tushare官方目录,期货数据,期货数据,南华期货指数日线行情,fut_index_daily,468,https://tushare.pro/document/2?doc_id=468,用户需要累积2000积分才可以调取，具体请参阅 积分获取办法,获取南华指数每日行情，指数行情也可以通过 通用行情接口 获取数据．,,有权限,权限层已通过，接口进入参数校验,50101,"必填参数, ts_code",0,已实现（契约通用采集器：原始层+强类型标准表）,collectors/tushare_raw.py:CatalogRawCollector
Tushare官方目录,期货数据,期货数据,期货Tick行情数据,,314,https://tushare.pro/document/2?doc_id=314,,,,非API数据服务,文档未声明 api_name,not_documented,未提取到 api_name,0,未实现,
Tushare官方目录,期货数据,期货数据,期货历史分钟行情,ft_mins,313,https://tushare.pro/document/2?doc_id=313,需单独开权限，正式权限请参阅 权限说明 。,获取全市场期货合约分钟数据，支持1min/5min/15min/30min/60min行情，提供Python SDK和 http Restful API两种方式，如果需要主力合约分钟，请先通过主力 mapping 接口（需要有至少2000积分）获取对应的合约代码后提取分钟。,"ts_code,freq",无权限,Tushare 明确返回无访问权限,40203,抱歉，您没有接口(ft_mins)访问权限，权限的具体详情访问：https://tushare.pro/document/1?doc_id=108。,0,未实现,
Tushare官方目录,期货数据,期货数据,期货合约信息表,fut_basic,135,https://tushare.pro/document/2?doc_id=135,用户需要至少2000积分才可以调取，具体请参阅 积分获取办法,获取期货合约列表数据,exchange,有权限,接口返回成功,0,,3612,已实现（契约通用采集器：原始层+强类型标准表）,collectors/tushare_raw.py:CatalogRawCollector
Tushare官方目录,期货数据,期货数据,期货实时分钟行情,rt_fut_min,340,https://tushare.pro/document/2?doc_id=340,需单独开权限，正式权限请参阅 权限说明 。 rt_fut_min输入参数 名称 类型 必选 描述 ts_code str Y 股票代码，e.g.CU2310.SHF，支持多个合约（逗号分隔） freq str Y 分钟频度（1MIN/5MIN/15MIN/30MIN/60MIN） 同时提供当日开市以来所有历史分钟（即：分钟快照回放），接口名：rt_fut_min_daily，只支持一个个合约提取。 rt_fut_min_daily输入参数 名称 类型 必选 描述 ts_code str Y 股票代码，e.g.CU2310.SHF，仅支持一次一个合约的回放 freq str Y 分钟频度（1MIN/5MIN/15MIN/30MIN/60MIN） date_str str N 回放日期（格式：YYYY-MM-DD，默认为交易当日，支持回溯一天） freq参数说明 freq 说明 1MIN 1分钟 5MIN 5分钟 15MIN 15分钟 30MIN 30分钟 60MIN 60分钟,获取全市场期货合约实时分钟数据，支持1min/5min/15min/30min/60min行情，提供Python SDK、 http Restful API和websocket三种方式，如果需要主力合约分钟，请先通过主力 mapping 接口获取对应的合约代码后提取分钟。,"ts_code,freq",无权限,Tushare 明确返回无访问权限,40203,抱歉，您没有接口(rt_fut_min)访问权限，权限的具体详情访问：https://tushare.pro/document/1?doc_id=108。,0,未实现,
Tushare官方目录,期货数据,期货数据,期货实时分钟行情,rt_fut_min_daily,340,https://tushare.pro/document/2?doc_id=340,需单独开权限，正式权限请参阅 权限说明 。 rt_fut_min输入参数 名称 类型 必选 描述 ts_code str Y 股票代码，e.g.CU2310.SHF，支持多个合约（逗号分隔） freq str Y 分钟频度（1MIN/5MIN/15MIN/30MIN/60MIN） 同时提供当日开市以来所有历史分钟（即：分钟快照回放），接口名：rt_fut_min_daily，只支持一个个合约提取。 rt_fut_min_daily输入参数 名称 类型 必选 描述 ts_code str Y 股票代码，e.g.CU2310.SHF，仅支持一次一个合约的回放 freq str Y 分钟频度（1MIN/5MIN/15MIN/30MIN/60MIN） date_str str N 回放日期（格式：YYYY-MM-DD，默认为交易当日，支持回溯一天） freq参数说明 freq 说明 1MIN 1分钟 5MIN 5分钟 15MIN 15分钟 30MIN 30分钟 60MIN 60分钟,获取全市场期货合约实时分钟数据，支持1min/5min/15min/30min/60min行情，提供Python SDK、 http Restful API和websocket三种方式，如果需要主力合约分钟，请先通过主力 mapping 接口获取对应的合约代码后提取分钟。,"ts_code,freq",无权限,Tushare 明确返回无访问权限,40203,抱歉，您没有接口(rt_fut_min_daily)访问权限，权限的具体详情访问：https://tushare.pro/document/1?doc_id=108。,0,未实现,
Tushare官方目录,期货数据,期货数据,期货日线行情,fut_daily,138,https://tushare.pro/document/2?doc_id=138,用户需要至少2000积分才可以调取，未来可能调整积分，请尽量多的积累积分。具体请参阅 积分获取办法,期货日线行情数据,,有权限,接口返回成功,0,,0,已实现（契约通用采集器：原始层+强类型标准表）,collectors/tushare_raw.py:CatalogRawCollector
Tushare官方目录,期货数据,期货数据,期货主力与连续合约,fut_mapping,189,https://tushare.pro/document/2?doc_id=189,用户需要至少2000积分才可以调取，未来可能调整积分，请尽可能多积累积分。具体请参阅 积分获取办法,获取期货主力（或连续）合约与月合约映射数据,,有权限,接口返回成功,0,,0,已实现（契约通用采集器：原始层+强类型标准表）,collectors/tushare_raw.py:CatalogRawCollector
Tushare官方目录,期货数据,期货数据,期货主要品种交易周报,fut_weekly_detail,216,https://tushare.pro/document/2?doc_id=216,600积分可调取，单次最大获取4000行数据，积分越高频次越高，5000积分以上正常调取不受限制 数据来源：中国证监会，本数据由Tushare社区成员CE完成规划和采集,获取期货交易所主要品种每周交易统计信息，数据从2010年3月开始,,有权限,接口返回成功,0,,4000,已实现（契约通用采集器：原始层+强类型标准表）,collectors/tushare_raw.py:CatalogRawCollector
Tushare官方目录,期货数据,期货数据,交易日历,fut_trade_cal,467,https://tushare.pro/document/2?doc_id=467,需2000积分才可以提取数据,获取各大期货交易所交易日历数据,,有权限,接口返回成功,0,,31,已实现（契约通用采集器：原始层+强类型标准表）,collectors/tushare_raw.py:CatalogRawCollector
Tushare官方目录,期货数据,期货数据,期货合约涨跌停价格（盘前）,ft_limit,368,https://tushare.pro/document/2?doc_id=368,用户积5000积分可调取，积分获取方法具体请参阅 积分获取办法,获取所有期货合约每天的涨跌停价格及最低保证金率，数据开始于2005年。,,有权限,接口返回成功,0,,0,已实现（契约通用采集器：原始层+强类型标准表）,collectors/tushare_raw.py:CatalogRawCollector
Tushare官方目录,期货数据,期货数据,期货周/月线行情(每日更新),fut_weekly_monthly,337,https://tushare.pro/document/2?doc_id=337,,期货周/月线行情(每日更新),freq,有权限,接口返回成功,0,,0,已实现（契约通用采集器：原始层+强类型标准表）,collectors/tushare_raw.py:CatalogRawCollector
Tushare官方目录,期货数据,期货数据,每日成交持仓排名,fut_holding,139,https://tushare.pro/document/2?doc_id=139,用户需要至少2000积分才可以调取，具体请参阅 积分获取办法,"获取每日成交持仓排名数据，注意""上期所""涵盖""上海国际能源交易中心""合约数据",,有权限,接口返回成功,0,,0,已实现（契约通用采集器：原始层+强类型标准表）,collectors/tushare_raw.py:CatalogRawCollector
Tushare官方目录,期货数据,期货数据,结算参数,fut_settle,141,https://tushare.pro/document/2?doc_id=141,用户需要至少2000积分才可以调取，具体请参阅 积分获取办法,获取每日结算参数数据，包括交易和交割费率等,,有权限,接口返回成功,0,,0,已实现（契约通用采集器：原始层+强类型标准表）,collectors/tushare_raw.py:CatalogRawCollector
Tushare官方目录,港股数据,港股数据,港股交易日历,hk_tradecal,250,https://tushare.pro/document/2?doc_id=250,用户积累2000积分才可调取,获取交易日历,,有权限,接口返回成功,0,,31,已实现（契约通用采集器：原始层+强类型标准表）,collectors/tushare_raw.py:CatalogRawCollector
Tushare官方目录,港股数据,港股数据,港股分钟行情,hk_mins,304,https://tushare.pro/document/2?doc_id=304,120积分可以调取2次接口查看数据，正式权限请参阅 权限说明 。,港股分钟数据，支持1min/5min/15min/30min/60min行情，提供Python SDK和 http Restful API两种方式,"ts_code,freq",无权限,Tushare 明确返回无访问权限,40203,抱歉，您没有接口(hk_mins)访问权限，权限的具体详情访问：https://tushare.pro/document/1?doc_id=108。,0,未实现,
Tushare官方目录,港股数据,港股数据,港股利润表,hk_income,389,https://tushare.pro/document/2?doc_id=389,需单独开权限，具体权限信息请参考 权限列表 提示：当前接口按单只股票获取其历史数据，单次请求最大返回10000行数据，可循环提取,获取港股上市公司财务利润表数据,ts_code,无权限,Tushare 明确返回无访问权限,40203,抱歉，您没有接口(hk_income)访问权限，权限的具体详情访问：https://tushare.pro/document/1?doc_id=108。,0,未实现,
Tushare官方目录,港股数据,港股数据,港股列表,hk_basic,191,https://tushare.pro/document/2?doc_id=191,用户需要至少2000积分才可以调取，具体请参阅 积分获取办法,获取港股列表信息 数量：单次可提取全部在交易的港股列表数据,,有权限,接口返回成功,0,,1,已实现（契约通用采集器：原始层+强类型标准表）,collectors/tushare_raw.py:CatalogRawCollector
Tushare官方目录,港股数据,港股数据,港股复权因子,hk_adjfactor,401,https://tushare.pro/document/2?doc_id=401,本接口是在开通港股日线权限后自动获取权限，权限请参考 权限说明文档,获取港股每日复权因子数据，每天滚动刷新,,无权限,Tushare 明确返回无访问权限,40203,抱歉，您没有接口(hk_adjfactor)访问权限，权限的具体详情访问：https://tushare.pro/document/1?doc_id=108。,0,未实现,
Tushare官方目录,港股数据,港股数据,港股复权行情,hk_daily_adj,339,https://tushare.pro/document/2?doc_id=339,,获取港股复权行情，提供股票股本、市值和成交及换手多个数据指标,,无权限,Tushare 明确返回无访问权限,40203,抱歉，您没有接口(hk_daily_adj)访问权限，权限的具体详情访问：https://tushare.pro/document/1?doc_id=108。,0,未实现,
Tushare官方目录,港股数据,港股数据,港股实时日线,rt_hk_k,383,https://tushare.pro/document/2?doc_id=383,本接口是单独开权限的数据，单独申请权限请参考 权限列表,获取港股实时日k线行情，支持按股票代码及股票代码通配符一次性提取全部股票实时日k线行情,ts_code,无权限,Tushare 明确返回无访问权限,40203,抱歉，您没有接口(rt_hk_k)访问权限，权限的具体详情访问：https://tushare.pro/document/1?doc_id=108。,0,未实现,
Tushare官方目录,港股数据,港股数据,港股行情,hk_daily,192,https://tushare.pro/document/2?doc_id=192,本接口单独开权限，具体请参阅 权限说明,获取港股每日增量和历史行情，每日18点左右更新当日数据,,有权限,接口返回成功,0,,0,已实现（契约通用采集器：原始层+强类型标准表）,collectors/tushare_raw.py:CatalogRawCollector
Tushare官方目录,港股数据,港股数据,港股现金流量表,hk_cashflow,391,https://tushare.pro/document/2?doc_id=391,需单独开权限，具体权限信息请参考 权限列表 提示：当前接口按单只股票获取其历史数据，单次请求最大返回10000行数据，可循环提取,获取港股上市公司现金流量表数据,ts_code,无权限,Tushare 明确返回无访问权限,40203,抱歉，您没有接口(hk_cashflow)访问权限，权限的具体详情访问：https://tushare.pro/document/1?doc_id=108。,0,未实现,
Tushare官方目录,港股数据,港股数据,港股财务指标数据,hk_fina_indicator,388,https://tushare.pro/document/2?doc_id=388,需单独开权限，具体权限信息请参考 权限列表 提示：当前接口按单只股票获取其历史数据，单次请求最大返回10000行数据，可循环提取,获取港股上市公司财务指标数据，为避免服务器压力，现阶段每次请求最多返回200条记录，可通过设置日期多次请求获取更多数据。,ts_code,无权限,Tushare 明确返回无访问权限,40203,抱歉，您没有接口(hk_fina_indicator)访问权限，权限的具体详情访问：https://tushare.pro/document/1?doc_id=108。,0,未实现,
Tushare官方目录,港股数据,港股数据,港股资产负债表,hk_balancesheet,390,https://tushare.pro/document/2?doc_id=390,需单独开权限，具体权限信息请参考 权限列表 提示：当前接口按单只股票获取其历史数据，单次请求最大返回10000行数据，可循环提取,获取港股上市公司资产负债表,ts_code,无权限,Tushare 明确返回无访问权限,40203,抱歉，您没有接口(hk_balancesheet)访问权限，权限的具体详情访问：https://tushare.pro/document/1?doc_id=108。,0,未实现,
Tushare官方目录,现货数据,现货数据,黄金现货基础信息,sge_basic,284,https://tushare.pro/document/2?doc_id=284,用户积5000积分可以调取，具体请参阅 积分获取办法,获取上海黄金交易所现货合约基础信息,,有权限,接口返回成功,0,,0,已实现,collectors/sge/sge_basic.py:SgeBasicCollector
Tushare官方目录,现货数据,现货数据,现货黄金日行情,sge_daily,285,https://tushare.pro/document/2?doc_id=285,用户积2000积分可调取，具体请参阅 积分获取办法 注：数据由当日9:00至15:30的交易和前一日夜盘的20:00至2:30数据构成，成交量和成交金额为双向计量。,获取上海黄金交易所现货合约日线行情,,有权限,接口返回成功,0,,0,已实现,collectors/sge/sge_daily.py:SgeDailyCollector
Tushare官方目录,美股数据,美股数据,美股交易日历,us_tradecal,253,https://tushare.pro/document/2?doc_id=253,,获取美股交易日历信息,,有权限,接口返回成功,0,,31,已实现（契约通用采集器：原始层+强类型标准表）,collectors/tushare_raw.py:CatalogRawCollector
Tushare官方目录,美股数据,美股数据,美股利润表,us_income,394,https://tushare.pro/document/2?doc_id=394,需单独开权限，具体权限信息请参考 权限列表 提示：当前接口按单只股票获取其历史数据，单次请求最大返回10000行数据，可循环提取,获取美股上市公司财务利润表数据（目前只覆盖主要美股和中概股）,ts_code,无权限,Tushare 明确返回无访问权限,40203,抱歉，您没有接口(us_income)访问权限，权限的具体详情访问：https://tushare.pro/document/1?doc_id=108。,0,未实现,
Tushare官方目录,美股数据,美股数据,美股列表,us_basic,252,https://tushare.pro/document/2?doc_id=252,120积分可以试用，5000积分有正式权限,获取美股列表信息,,有权限,接口返回成功,0,,1,已实现（契约通用采集器：原始层+强类型标准表）,collectors/tushare_raw.py:CatalogRawCollector
Tushare官方目录,美股数据,美股数据,美股复权因子,us_adjfactor,402,https://tushare.pro/document/2?doc_id=402,本接口是在开通美股日线权限后自动获取权限，权限请参考 权限说明文档,获取美股每日复权因子数据，在每天美股收盘后滚动刷新,,无权限,Tushare 明确返回无访问权限,40203,抱歉，您没有接口(us_adjfactor)访问权限，权限的具体详情访问：https://tushare.pro/document/1?doc_id=108。,0,未实现,
Tushare官方目录,美股数据,美股数据,美股复权行情,us_daily_adj,338,https://tushare.pro/document/2?doc_id=338,,获取美股复权行情，支持美股全市场股票，提供股本、市值、复权因子和成交信息等多个数据指标,,无权限,Tushare 明确返回无访问权限,40203,抱歉，您没有接口(us_daily_adj)访问权限，权限的具体详情访问：https://tushare.pro/document/1?doc_id=108。,0,未实现,
Tushare官方目录,美股数据,美股数据,美股行情,us_daily,254,https://tushare.pro/document/2?doc_id=254,,获取美股行情（未复权），包括全部股票全历史行情，以及重要的市场和估值指标,,无权限,Tushare 明确返回无访问权限,40203,抱歉，您没有接口(us_daily)访问权限，权限的具体详情访问：https://tushare.pro/document/1?doc_id=108。,0,未实现,
Tushare官方目录,美股数据,美股数据,美股现金流量表,us_cashflow,396,https://tushare.pro/document/2?doc_id=396,需单独开权限，具体权限信息请参考 权限列表 提示：当前接口按单只股票获取其历史数据，单次请求最大返回10000行数据，可循环提取,获取美股上市公司现金流量表数据（目前只覆盖主要美股和中概股）,ts_code,无权限,Tushare 明确返回无访问权限,40203,抱歉，您没有接口(us_cashflow)访问权限，权限的具体详情访问：https://tushare.pro/document/1?doc_id=108。,0,未实现,
Tushare官方目录,美股数据,美股数据,美股财务指标数据,us_fina_indicator,393,https://tushare.pro/document/2?doc_id=393,需单独开权限，具体权限信息请参考 权限列表 提示：当前接口按单只股票获取其历史数据，单次请求最大返回10000行数据，可循环提取,获取美股上市公司财务指标数据，目前只覆盖主要美股和中概股。为避免服务器压力，现阶段每次请求最多返回200条记录，可通过设置日期多次请求获取更多数据。,ts_code,无权限,Tushare 明确返回无访问权限,40203,抱歉，您没有接口(us_fina_indicator)访问权限，权限的具体详情访问：https://tushare.pro/document/1?doc_id=108。,0,未实现,
Tushare官方目录,美股数据,美股数据,美股资产负债表,us_balancesheet,395,https://tushare.pro/document/2?doc_id=395,需单独开权限，具体权限信息请参考 权限列表 提示：当前接口按单只股票获取其历史数据，单次请求最大返回10000行数据，可循环提取,获取美股上市公司资产负债表（目前只覆盖主要美股和中概股）,ts_code,无权限,Tushare 明确返回无访问权限,40203,抱歉，您没有接口(us_balancesheet)访问权限，权限的具体详情访问：https://tushare.pro/document/1?doc_id=108。,0,未实现,
Tushare官方目录,股票数据,股票数据/两融及转融通,做市借券交易汇总,slb_len_mm,334,https://tushare.pro/document/2?doc_id=334,2000积分每分钟请求200次，5000积分500次请求,做市借券交易汇总,,有权限,接口返回成功,0,,0,已实现（契约通用采集器：原始层+强类型标准表）,collectors/tushare_raw.py:CatalogRawCollector
Tushare官方目录,股票数据,股票数据/两融及转融通,融资融券交易明细,margin_detail,59,https://tushare.pro/document/2?doc_id=59,2000积分可获得本接口权限，积分越高权限越大，具体参考 权限说明,获取沪深两市每日融资融券明细，，交易所于每天8点30左右更新上一日数据,,有权限,接口返回成功,0,,0,已实现,collectors/stock/margin/margin.py:MarginDetailCollector
Tushare官方目录,股票数据,股票数据/两融及转融通,融资融券交易汇总,margin,58,https://tushare.pro/document/2?doc_id=58,2000积分可获得本接口权限，积分越高权限越大，具体参考 权限说明,获取融资融券每日交易汇总数据，交易所于每天8点30左右更新上一日数据，本接口最晚9点05分会更新完数据。,,有权限,接口返回成功,0,,0,已实现,collectors/stock/margin/margin.py:MarginCollector
Tushare官方目录,股票数据,股票数据/两融及转融通,融资融券标的（盘前更新）,margin_secs,326,https://tushare.pro/document/2?doc_id=326,2000积分可调取，5000积分无总量限制，积分越高权限越大，具体参考 权限说明,获取沪深京三大交易所融资融券标的（包括ETF），每天盘前更新,,有权限,接口返回成功,0,,0,已实现,collectors/stock/margin/margin.py:MarginSecsCollector
Tushare官方目录,股票数据,股票数据/两融及转融通,转融券交易明细,slb_sec_detail,333,https://tushare.pro/document/2?doc_id=333,2000积分每分钟请求200次，5000积分500次请求,转融券交易明细,,有权限,接口返回成功,0,,0,已实现（契约通用采集器：原始层+强类型标准表）,collectors/tushare_raw.py:CatalogRawCollector
Tushare官方目录,股票数据,股票数据/两融及转融通,转融券交易汇总,slb_sec,332,https://tushare.pro/document/2?doc_id=332,2000积分每分钟请求200次，5000积分500次请求,转融通转融券交易汇总,,有权限,接口返回成功,0,,0,已实现（契约通用采集器：原始层+强类型标准表）,collectors/tushare_raw.py:CatalogRawCollector
Tushare官方目录,股票数据,股票数据/两融及转融通,转融资交易汇总,slb_len,331,https://tushare.pro/document/2?doc_id=331,2000积分每分钟请求200次，5000积分500次请求,转融通融资汇总,,有权限,接口返回成功,0,,0,已实现,collectors/stock/margin/margin.py:SlbLenCollector
Tushare官方目录,股票数据,股票数据/参考数据,个股严重异常波动,stk_high_shock,452,https://tushare.pro/document/2?doc_id=452,需要6000积分可以调取，具体请参阅 积分获取办法,根据证券交易所交易规则的有关规定，交易所每日发布股票交易严重异常波动情况,,有权限,接口返回成功,0,,0,已实现,collectors/stock/reference/stk_high_shock.py; collectors/stock/reference/stk_high_shock.py:StkHighShockCollector
Tushare官方目录,股票数据,股票数据/参考数据,个股异常波动,stk_shock,451,https://tushare.pro/document/2?doc_id=451,需要6000积分可以调取，具体请参阅 积分获取办法,根据证券交易所交易规则的有关规定，交易所每日发布股票交易异常波动情况,,有权限,接口返回成功,0,,0,已实现,collectors/stock/reference/stk_shock.py; collectors/stock/reference/stk_shock.py:StkShockCollector
Tushare官方目录,股票数据,股票数据/参考数据,交易所重点提示证券,stk_alert,453,https://tushare.pro/document/2?doc_id=453,需要6000积分可以调取，具体请参阅 积分获取办法,根据证券交易所交易规则的有关规定，交易所每日发布重点提示证券,,有权限,接口返回成功,0,,0,已实现,collectors/stock/reference/stk_alert.py; collectors/stock/reference/stk_alert.py:StkAlertCollector
Tushare官方目录,股票数据,股票数据/参考数据,前十大流通股东,top10_floatholders,62,https://tushare.pro/document/2?doc_id=62,需2000积分以上才可以调取本接口，5000积分以上频次会更高,获取上市公司前十大流通股东数据,ts_code,有权限,接口返回成功,0,,1066,已实现,collectors/stock/reference/top10_floatholders.py; collectors/stock/reference/top10_floatholders.py:Top10FloatholdersCollector
Tushare官方目录,股票数据,股票数据/参考数据,前十大股东,top10_holders,61,https://tushare.pro/document/2?doc_id=61,需2000积分以上才可以调取本接口，5000积分以上频次会更高,获取上市公司前十大股东数据，包括持有数量和比例等信息,ts_code,有权限,接口返回成功,0,,1182,已实现,collectors/stock/reference/top10_holders.py; collectors/stock/reference/top10_holders.py:Top10HoldersCollector
Tushare官方目录,股票数据,股票数据/参考数据,大宗交易,block_trade,161,https://tushare.pro/document/2?doc_id=161,2000积分可调取，每分钟内限制次数，超过5000积分频次相对较高，具体请参阅 积分获取办法,大宗交易,,有权限,接口返回成功,0,,0,已实现,collectors/stock/reference/block_trade.py:BlockTradeCollector
Tushare官方目录,股票数据,股票数据/参考数据,股东人数,stk_holdernumber,166,https://tushare.pro/document/2?doc_id=166,2000积分可调取，基础积分每分钟调取200次，5000积分以上频次相对较高。具体请参阅 积分获取办法,获取上市公司股东户数数据，数据不定期公布,,有权限,接口返回成功,0,,150,已实现,collectors/stock/reference/stk_holdernumber.py:StkHoldernumberCollector
Tushare官方目录,股票数据,股票数据/参考数据,股东增减持,stk_holdertrade,175,https://tushare.pro/document/2?doc_id=175,用户需要至少2000积分才可以调取。基础积分有流量控制，积分越多权限越大，5000积分以上无明显限制，请自行提高积分，具体请参阅 积分获取办法,获取上市公司增减持数据，了解重要股东近期及历史上的股份增减变化,,有权限,接口返回成功,0,,17,已实现,collectors/stock/reference/stk_holdertrade.py:StkHoldertradeCollector
Tushare官方目录,股票数据,股票数据/参考数据,股权质押明细,pledge_detail,111,https://tushare.pro/document/2?doc_id=111,用户需要至少2000积分才可以调取，具体请参阅 积分获取办法,获取股票质押明细数据,,有权限,接口返回成功,0,,0,已实现,collectors/stock/reference/pledge_detail.py; collectors/stock/reference/pledge_detail.py:PledgeDetailCollector
Tushare官方目录,股票数据,股票数据/参考数据,股权质押统计数据,pledge_stat,110,https://tushare.pro/document/2?doc_id=110,用户需要至少2000积分才可以调取，具体请参阅 积分获取办法,获取股票质押统计数据,,有权限,接口返回成功,0,,641,已实现,collectors/stock/reference/pledge_stat.py; collectors/stock/reference/pledge_stat.py:PledgeStatCollector
Tushare官方目录,股票数据,股票数据/参考数据,股票回购,repurchase,124,https://tushare.pro/document/2?doc_id=124,用户需要至少2000积分才可以调取，具体请参阅 积分获取办法,获取上市公司回购股票数据,,有权限,接口返回成功,0,,910,已实现,collectors/stock/reference/repurchase.py; collectors/stock/reference/repurchase.py:RepurchaseCollector
Tushare官方目录,股票数据,股票数据/参考数据,股票账户开户数据,stk_account,164,https://tushare.pro/document/2?doc_id=164,600积分可调取，具体请参阅 积分获取办法 注：此数据官方已经停止更新。,获取股票账户开户数据，统计周期为一周,,有权限,接口返回成功,0,,0,已实现（契约通用采集器：原始层+强类型标准表）,collectors/tushare_raw.py:CatalogRawCollector
Tushare官方目录,股票数据,股票数据/参考数据,股票账户开户数据（旧）,stk_account_old,165,https://tushare.pro/document/2?doc_id=165,600积分可调取，具体请参阅 积分获取办法,获取股票账户开户数据旧版格式数据，数据从2008年1月开始，到2015年5月29，新数据请通过 股票开户数据 获取。,,接口无效/已下线,Tushare 不再识别该 api_name,40101,请指定正确的接口名,0,未实现,
Tushare官方目录,股票数据,股票数据/参考数据,限售股解禁,share_float,160,https://tushare.pro/document/2?doc_id=160,120分可调取，每分钟内限制次数，超过5000积分频次相对较高，具体请参阅 积分获取办法,获取限售股解禁,,有权限,接口返回成功,0,,106,已实现,collectors/stock/reference/share_float.py:ShareFloatCollector
Tushare官方目录,股票数据,股票数据/基础数据,IPO新股列表,new_share,123,https://tushare.pro/document/2?doc_id=123,用户需要至少120积分才可以调取，具体请参阅 积分获取办法,获取新股上市列表数据,,有权限,接口返回成功,0,,20,已实现,collectors/stock/basic/new_share.py:NewShareCollector
Tushare官方目录,股票数据,股票数据/基础数据,ST股票列表,stock_st,397,https://tushare.pro/document/2?doc_id=397,"3000积分起 提示：每天上午9:20更新，单次请求最大返回1000行数据，可循环提取,本接口数据从20000101开始,太早历史无法补齐",获取ST股票列表，可根据交易日期获取历史上每天的ST列表,,有权限,接口返回成功,0,,0,已实现,collectors/stock/basic/stock_st.py; collectors/stock/basic/stock_st.py:StockSTCollector
Tushare官方目录,股票数据,股票数据/基础数据,ST风险警示板股票,st,423,https://tushare.pro/document/2?doc_id=423,6000积分可提取数据，具体请参阅 积分获取办法,ST风险警示板股票列表,,有权限,接口返回成功,0,,0,已实现,collectors/stock/basic/stock_st.py
Tushare官方目录,股票数据,股票数据/基础数据,上市公司基本信息,stock_company,112,https://tushare.pro/document/2?doc_id=112,用户需要至少120积分才可以调取，具体请参阅 积分获取办法,获取上市公司基础信息，单次提取4500条，可以根据交易所分批提取,,有权限,接口返回成功,0,,6294,已实现,collectors/stock/basic/stock_company.py:StockCompanyCollector
Tushare官方目录,股票数据,股票数据/基础数据,上市公司管理层,stk_managers,193,https://tushare.pro/document/2?doc_id=193,用户需要2000积分才可以调取，5000积分以上频次相对较高，具体请参阅 积分获取办法,获取上市公司管理层,,有权限,接口返回成功,0,,265,已实现,collectors/stock/basic/stk_managers.py:StkManagersCollector
Tushare官方目录,股票数据,股票数据/基础数据,交易日历,trade_cal,26,https://tushare.pro/document/2?doc_id=26,需2000积分,"获取各大交易所交易日历数据,默认提取的是上交所",,有权限,接口返回成功,0,,31,已实现,collectors/stock/basic/trade_cal.py:TradeCalCollector
Tushare官方目录,股票数据,股票数据/基础数据,北交所新旧代码对照表,bse_mapping,375,https://tushare.pro/document/2?doc_id=375,2000积分即可调取,获取北交所股票代码变更后新旧代码映射表数据,,有权限,接口返回成功,0,,248,已实现,collectors/stock/basic/bse_mapping.py:BseMappingCollector
Tushare官方目录,股票数据,股票数据/基础数据,股本情况（盘前）,stk_premarket,329,https://tushare.pro/document/2?doc_id=329,与积分无关，可以 在线开通 权限。,每日开盘前获取当日股票的股本情况，包括总股本和流通股本，涨跌停价格等。,,无权限,Tushare 明确返回无访问权限,40203,抱歉，您没有接口(stk_premarket)访问权限，权限的具体详情访问：https://tushare.pro/document/1?doc_id=108。,0,未实现,
Tushare官方目录,股票数据,股票数据/基础数据,沪深港通股票列表,stock_hsgt,398,https://tushare.pro/document/2?doc_id=398,"3000积分起 提示：每天上午9:20更新，单次请求最大返回2000行数据，可根据类型循环提取,本接口数据从20250812开始",获取沪深港通股票列表,type,有权限,接口返回成功,0,,0,已实现,collectors/stock/basic/stock_hsgt.py:StockHsgtCollector
Tushare官方目录,股票数据,股票数据/基础数据,管理层薪酬和持股,stk_rewards,194,https://tushare.pro/document/2?doc_id=194,用户需要2000积分才可以调取，5000积分以上频次相对较高，具体请参阅 积分获取办法,获取上市公司管理层薪酬和持股,ts_code,有权限,接口返回成功,0,,1428,已实现,collectors/stock/basic/stk_rewards.py:StkRewardsCollector
Tushare官方目录,股票数据,股票数据/基础数据,股票基础信息,stock_basic,25,https://tushare.pro/document/2?doc_id=25,2000积分起，每分钟请求50次。此接口是基础信息，调取一次就可以拉取完，建议保存倒本地存储后使用,获取基础信息数据，包括股票代码、名称、上市日期、退市日期等,,有权限,接口返回成功,0,,1,已实现,collectors/stock/basic/stock_basic.py:StockBasicCollector
Tushare官方目录,股票数据,股票数据/基础数据,股票历史列表（历史每天股票列表）,bak_basic,262,https://tushare.pro/document/2?doc_id=262,,获取备用基础列表，数据从2016年开始,,有权限,接口返回成功,0,,0,已实现,collectors/stock/basic/bak_basic.py:BakBasicCollector
Tushare官方目录,股票数据,股票数据/基础数据,股票曾用名,namechange,100,https://tushare.pro/document/2?doc_id=100,,历史名称变更记录,,有权限,接口返回成功,0,,4,已实现,collectors/stock/basic/stock_namechange.py:NameChangeCollector; service/tools/stock/namechange.py
Tushare官方目录,股票数据,股票数据/打板专题数据,概念板块,dc_index,362,https://tushare.pro/document/2?doc_id=362,用户积累6000积分可调取，具体请参阅 积分获取办法,获取每个交易日的概念板块数据，支持按日期查询,idx_type,有权限,接口返回成功,0,,0,已实现,collectors/stock/board/dc_index.py:DcIndexCollector
Tushare官方目录,股票数据,股票数据/打板专题数据,板块成分,dc_member,363,https://tushare.pro/document/2?doc_id=363,用户积累6000积分可调取，具体请参阅 积分获取办法,获取板块每日成分数据，可以根据概念板块代码和交易日期，获取历史成分,,有权限,接口返回成功,0,,8000,已实现,collectors/stock/board/dc_member.py:DcMemberCollector
Tushare官方目录,股票数据,股票数据/打板专题数据,概念板块行情,dc_daily,382,https://tushare.pro/document/2?doc_id=382,用户积累6000积分可调取，具体请参阅 积分获取办法,获取概念板块、行业指数板块、地域板块行情数据，历史数据开始于2020年,,有权限,接口返回成功,0,,0,已实现,collectors/stock/board/dc_daily.py:DcDailyCollector
Tushare官方目录,股票数据,股票数据/打板专题数据,DC热榜,dc_hot,321,https://tushare.pro/document/2?doc_id=321,用户积8000积分可调取使用，积分获取办法请参阅 积分获取办法,获取热榜数据，包括A股市场、ETF基金、港股市场、美股市场等等，每日盘中提取4次，收盘后4次，最晚22点提取一次。,,有权限,接口返回成功,0,,0,已实现,collectors/stock/board/dc_hot.py:DcHotCollector
Tushare官方目录,股票数据,股票数据/打板专题数据,TDX板块信息,tdx_index,376,https://tushare.pro/document/2?doc_id=376,用户积累6000积分可调取，具体请参阅 积分获取办法,获取板块基础信息，包括概念板块、行业、风格、地域等,,有权限,接口返回成功,0,,0,已实现,collectors/stock/board/tdx_index.py:TdxIndexCollector
Tushare官方目录,股票数据,股票数据/打板专题数据,TDX板块成分,tdx_member,377,https://tushare.pro/document/2?doc_id=377,用户积累6000积分可调取，具体请参阅 积分获取办法,获取各板块成分股信息,,有权限,接口返回成功,0,,0,已实现,collectors/stock/board/tdx_member.py:TdxMemberCollector
Tushare官方目录,股票数据,股票数据/打板专题数据,TDX板块行情,tdx_daily,378,https://tushare.pro/document/2?doc_id=378,用户积累6000积分可调取，具体请参阅 积分获取办法,获取各板块行情，包括成交和估值等数据,,有权限,接口返回成功,0,,0,已实现,collectors/stock/board/tdx_daily.py:TdxDailyCollector
Tushare官方目录,股票数据,股票数据/打板专题数据,概念和行业指数,ths_index,259,https://tushare.pro/document/2?doc_id=259,本接口需有6000积分，单次最大返回5000行数据，一次可提取全部数据，请勿循环提取。,获取板块指数，包括概念、行业、特色指数。,,有权限,接口返回成功,0,,0,已实现,collectors/stock/board/ths_index.py:ThsIndexCollector
Tushare官方目录,股票数据,股票数据/打板专题数据,概念板块成分,ths_member,261,https://tushare.pro/document/2?doc_id=261,,获取概念板块成分列表,,有权限,接口返回成功,0,,0,已实现,collectors/index/ths_member.py:ThsMemberCollector; collectors/stock/board/ths_member.py:ThsMemberCollector
Tushare官方目录,股票数据,股票数据/打板专题数据,板块指数行情,ths_daily,260,https://tushare.pro/document/2?doc_id=260,,获取板块指数行情,,有权限,接口返回成功,0,,0,已实现,collectors/index/ths_daily.py:ThsDailyCollector; collectors/stock/board/ths_daily.py:ThsDailyCollector
Tushare官方目录,股票数据,股票数据/打板专题数据,涨跌停榜单（同花顺）,limit_list_ths,355,https://tushare.pro/document/2?doc_id=355,8000积分以上每分钟500次，每天总量不限制，具体请参阅 积分获取办法,获取同花顺每日涨跌停榜单数据，历史数据从20231101开始提供，增量每天16点左右更新，：分类（limit_type 涨停池、连扳池、冲刺涨停、炸板池、跌停池，默认：涨停池）不同，字段返回有值情况也不同，如仅有涨停池、连扳池 有最大封单 lu_limit_order返回值，其他分类为空,,有权限,接口返回成功,0,,0,已实现（契约通用采集器：原始层+强类型标准表）,collectors/tushare_raw.py:CatalogRawCollector
Tushare官方目录,股票数据,股票数据/打板专题数据,THS热榜,ths_hot,320,https://tushare.pro/document/2?doc_id=320,用户积6000积分可调取使用，积分获取办法请参阅 积分获取办法,获取热榜数据，包括热股、概念板块、ETF、可转债、港美股等等，每日盘中提取4次，收盘后4次，最晚22点提取一次。,,有权限,接口返回成功,0,,0,已实现,collectors/stock/board/ths_hot.py:ThsHotCollector
Tushare官方目录,股票数据,股票数据/打板专题数据,游资名录,hm_list,311,https://tushare.pro/document/2?doc_id=311,5000积分可以调取，积分获取办法请参阅 积分获取办法,获取游资分类名录信息,,有权限,接口返回成功,0,,113,已实现,collectors/stock/board/hm_list.py:HmListCollector
Tushare官方目录,股票数据,股票数据/打板专题数据,当日集合竞价,stk_auction,369,https://tushare.pro/document/2?doc_id=369,本接口是单独开权限的数据，单独申请权限请参考 权限列表 。,获取当日个股和ETF的集合竞价成交情况，每天9点26~29分之间可以获取当日的集合竞价成交数据。本接口历史数据开始于2025年1月。,,有权限,接口返回成功,0,,0,已实现,collectors/stock/board/stk_auction.py:StkAuctionCollector
Tushare官方目录,股票数据,股票数据/打板专题数据,开盘啦榜单数据,kpl_list,347,https://tushare.pro/document/2?doc_id=347,5000积分每分钟可以请求200次每天总量1万次，8000积分以上每分钟500次每天总量不限制，具体请参阅 积分获取办法,获取涨停、跌停、炸板等榜单数据,,有权限,接口返回成功,0,,0,已实现,collectors/stock/board/kpl_list.py:KplListCollector
Tushare官方目录,股票数据,股票数据/打板专题数据,最强板块统计,limit_cpt_list,357,https://tushare.pro/document/2?doc_id=357,8000积分以上每分钟500次，每天总量不限制，具体请参阅 积分获取办法,获取每天涨停股票最多最强的概念板块，可以分析强势板块的轮动，判断资金动向,,有权限,接口返回成功,0,,0,已实现,collectors/stock/board/limit_cpt_list.py:LimitCptListCollector
Tushare官方目录,股票数据,股票数据/打板专题数据,连板天梯,limit_step,356,https://tushare.pro/document/2?doc_id=356,8000积分以上每分钟500次，每天总量不限制，具体请参阅 积分获取办法,获取每天连板个数晋级的股票，可以分析出每天连续涨停进阶个数，判断强势热度,,有权限,接口返回成功,0,,0,已实现,collectors/stock/board/limit_step.py:LimitStepCollector
Tushare官方目录,股票数据,股票数据/打板专题数据,涨跌停列表（新）,limit_list_d,298,https://tushare.pro/document/2?doc_id=298,5000积分每分钟可以请求200次每天总量1万次，8000积分以上每分钟500次每天总量不限制，具体请参阅 积分获取办法,获取A股每日涨跌停、炸板数据情况，数据从2020年开始（不提供ST股票的统计）,,有权限,接口返回成功,0,,0,已实现,collectors/stock/board/limit_list_d.py:LimitListDCollector
Tushare官方目录,股票数据,股票数据/打板专题数据,游资每日明细,hm_detail,312,https://tushare.pro/document/2?doc_id=312,用户积10000积分可调取使用，积分获取办法请参阅 积分获取办法 注：数据为当日部分数据，此处只未作为示例效果。,获取每日游资交易明细，数据开始于2022年8。游资分类名录，请点击 游资名录,,无权限,Tushare 明确返回无访问权限,40203,抱歉，您没有接口(hm_detail)访问权限，权限的具体详情访问：https://tushare.pro/document/1?doc_id=108。,0,未实现,
Tushare官方目录,股票数据,股票数据/打板专题数据,题材成分,dc_concept_cons,422,https://tushare.pro/document/2?doc_id=422,6000积分可提取数据，具体请参阅 积分获取办法,获取概念题材的成分股，每天盘后更新,,有权限,接口返回成功,0,,0,已实现,collectors/stock/board/dc_concept_cons.py:DcConceptConsCollector
Tushare官方目录,股票数据,股票数据/打板专题数据,开盘啦题材成分,kpl_concept_cons,351,https://tushare.pro/document/2?doc_id=351,5000积分可提取数据，具体请参阅 积分获取办法,获取概念题材的成分股,,有权限,接口返回成功,0,,0,已实现,collectors/stock/board/kpl_concept_cons.py:KplConceptConsCollector
Tushare官方目录,股票数据,股票数据/打板专题数据,题材库,dc_concept,421,https://tushare.pro/document/2?doc_id=421,6000积分可提取数据，具体请参阅 积分获取办法,获取概念题材列表，每天盘后更新,,有权限,接口返回成功,0,,0,已实现,collectors/stock/board/dc_concept.py:DcConceptCollector
Tushare官方目录,股票数据,股票数据/打板专题数据,龙虎榜机构明细,top_inst,107,https://tushare.pro/document/2?doc_id=107,用户需要至少5000积分才可以调取，具体请参阅 积分获取办法,龙虎榜机构成交明细,trade_date,有权限,接口返回成功,0,,0,已实现,collectors/stock/board/top_inst.py:TopInstCollector
Tushare官方目录,股票数据,股票数据/打板专题数据,龙虎榜每日明细,top_list,106,https://tushare.pro/document/2?doc_id=106,用户需要至少2000积分才可以调取，具体请参阅 积分获取办法,龙虎榜每日交易明细 数据历史： 2005年至今,trade_date,有权限,接口返回成功,0,,0,已实现,collectors/stock/board/top_list.py:TopListCollector
Tushare官方目录,股票数据,股票数据/特色数据,AH股比价,stk_ah_comparison,399,https://tushare.pro/document/2?doc_id=399,"5000积分起 提示：每天盘后17:00更新，单次请求最大返回1000行数据，可循环提取,本接口数据从20250812开始，由于历史不好补充，只能累积",AH股比价数据，可根据交易日期获取历史,,有权限,接口返回成功,0,,0,已实现,collectors/stock/extra/stk_ah_comparison.py:StkAhComparisonCollector
Tushare官方目录,股票数据,股票数据/特色数据,券商每月荐股,broker_recommend,267,https://tushare.pro/document/2?doc_id=267,积分达到6000即可调用，具体请参阅 积分获取办法,获取券商月度金股，一般1日~3日内更新当月数据,month,有权限,接口返回成功,0,,236,已实现,collectors/stock/extra/broker_recommend.py:BrokerRecommendCollector
Tushare官方目录,股票数据,股票数据/特色数据,卖方盈利预测数据,report_rc,292,https://tushare.pro/document/2?doc_id=292,本接口2000积分可以试用，每天10次请求，正式权限需8000积分，每天可请求100000次，10000积分以上无总量限制。,获取券商（卖方）每天研报的盈利预测数据，数据从2010年开始，每晚19~22点更新当日数据,,有权限,接口返回成功,0,,5000,已实现,collectors/stock/extra/report_rc.py:ReportRcCollector
Tushare官方目录,股票数据,股票数据/特色数据,机构调研表,stk_surv,275,https://tushare.pro/document/2?doc_id=275,用户积5000积分可使用,获取上市公司机构调研记录数据,,有权限,接口返回成功,0,,0,已实现,collectors/stock/extra/stk_surv.py:StkSurvCollector
Tushare官方目录,股票数据,股票数据/特色数据,每日筹码分布,cyq_chips,294,https://tushare.pro/document/2?doc_id=294,5000积分每天20000次每分钟可以取200次，10000积分每天200000次，15000积分每天不限总量 算法说明： 参考用“三角分布法”计算，即当天成交的筹码，在最高价、最低价和平均价之间不是平均分配的，而是越接近平均成交价（或均价），成交的筹码越多，形成一个以均价为峰值的三角形分布。 面积 = 1 * /|\ ← 高 h = 2/d / | \ / | \ / | \ / | \ / | \ *------* ------* low avg high ← d = high - low → 新筹码分配（当日成交量）：假设当日成交的总筹码量为 V，当日最高价为 H，最低价为 L，平均价为 A。三角分布法会按照一个三角形模型，将 V 分配到从 L 到 H 的各个价格上。在均价 A 这个价格点上，分配的筹码数量最多，形成三角形的顶点；随着价格远离 A，分配的筹码数量线性减少，直到在 L 和 H 处降至零。 老筹码更新（历史持仓的搬移）：筹码分布图不是只计算当天的，它是一个动态的、每日更新的过程。每天新产生的交易筹码（来自当天成交的换手），需要从原有的历史持仓中“搬移”出来。这个过程引入了历史换手衰减系数的概念。,获取A股每日的筹码分布情况，提供各价位占比，数据从2018年开始，每天18~19点之间更新当日数据 来源：Tushare社区,ts_code,有权限,接口返回成功,0,,6000,已实现,collectors/stock/extra/cyq_chips.py:CyqChipsCollector
Tushare官方目录,股票数据,股票数据/特色数据,每日筹码及胜率,cyq_perf,293,https://tushare.pro/document/2?doc_id=293,5000积分每天20000次，10000积分每天200000次，15000积分每天不限总量 算法说明： 参考用“三角分布法”计算，即当天成交的筹码，在最高价、最低价和平均价之间不是平均分配的，而是越接近平均成交价（或均价），成交的筹码越多，形成一个以均价为峰值的三角形分布。 面积 = 1 * /|\ ← 高 h = 2/d / | \ / | \ / | \ / | \ / | \ *------* ------* low avg high ← d = high - low → 新筹码分配（当日成交量）：假设当日成交的总筹码量为 V，当日最高价为 H，最低价为 L，平均价为 A。三角分布法会按照一个三角形模型，将 V 分配到从 L 到 H 的各个价格上。在均价 A 这个价格点上，分配的筹码数量最多，形成三角形的顶点；随着价格远离 A，分配的筹码数量线性减少，直到在 L 和 H 处降至零。 老筹码更新（历史持仓的搬移）：筹码分布图不是只计算当天的，它是一个动态的、每日更新的过程。每天新产生的交易筹码（来自当天成交的换手），需要从原有的历史持仓中“搬移”出来。这个过程引入了历史换手衰减系数的概念。,获取A股每日筹码平均成本和胜率情况，每天18~19点左右更新，数据从2018年开始 来源：Tushare社区,ts_code,有权限,接口返回成功,0,,2101,已实现,collectors/stock/extra/cyq_perf.py:CyqPerfCollector
Tushare官方目录,股票数据,股票数据/特色数据,神奇九转指标,stk_nineturn,364,https://tushare.pro/document/2?doc_id=364,达到6000积分可以调用,神奇九转（又称“九转序列”）是一种基于技术分析的股票趋势反转指标，其思想来源于技术分析大师汤姆·迪马克（Tom DeMark）的TD序列。该指标的核心功能是通过识别股价在上涨或下跌过程中连续9天的特定走势，来判断股价的潜在反转点，从而帮助投资者提高抄底和逃顶的成功率，日线级别配合60min的九转效果更好，数据从20230101开始。,,有权限,接口返回成功,0,,0,已实现,collectors/stock/extra/stk_nineturn.py:StkNineturnCollector
Tushare官方目录,股票数据,股票数据/特色数据,股票开盘集合竞价数据,stk_auction_o,353,https://tushare.pro/document/2?doc_id=353,本接口是单独开权限的数据，具体参考 权限说明,股票开盘9:30集合竞价数据，每天盘后更新,,有权限,接口返回成功,0,,0,已实现,collectors/stock/extra/stk_auction_o.py:StkAuctionOCollector
Tushare官方目录,股票数据,股票数据/特色数据,股票技术因子（量化因子）,stk_factor,296,https://tushare.pro/document/2?doc_id=296,5000积分每分钟可以请求100次，8000积分以上每分钟500次，具体请参阅 积分获取办法 注： 1、本接口的前复权行情是从最新一个交易日开始往前复权，是历史当日的数据快照数据不更新 2、pro_bar接口的前复权是动态复权，即以end_date参数开始往前复权，与本接口会存在不一致的可能 3、本接口技术指标都是基于前复权价格计算,获取股票每日技术面因子数据，用于跟踪股票当前走势情况，数据由Tushare社区自产，覆盖全历史,,有权限,接口返回成功,0,,0,已实现（契约通用采集器：原始层+强类型标准表）,collectors/tushare_raw.py:CatalogRawCollector
Tushare官方目录,股票数据,股票数据/特色数据,股票技术面因子(专业版),stk_factor_pro,328,https://tushare.pro/document/2?doc_id=328,5000积分每分钟可以请求30次，8000积分以上每分钟500次，具体请参阅 积分获取办法,获取股票每日技术面因子数据，用于跟踪股票当前走势情况，数据由Tushare社区自产，覆盖全历史；输出参数_bfq表示不复权，_qfq表示前复权 _hfq表示后复权，描述中说明了因子的默认传参，如需要特殊参数或者更多因子可以联系管理员评估,,有权限,接口返回成功,0,,0,已实现,collectors/stock/extra/stk_factor_pro.py:StkFactorProCollector
Tushare官方目录,股票数据,股票数据/特色数据,股票收盘集合竞价数据,stk_auction_c,354,https://tushare.pro/document/2?doc_id=354,本接口是单独开权限的数据，具体参考 权限说明,股票收盘15:00集合竞价数据，每天盘后更新,,有权限,接口返回成功,0,,0,已实现,collectors/stock/extra/stk_auction_c.py:StkAuctionCCollector
Tushare官方目录,股票数据,股票数据/行情数据,股票历史分钟行情,stk_mins,370,https://tushare.pro/document/2?doc_id=370,需单独开权限，正式权限请参阅 权限说明 ，可以 在线开通 分钟权限。,获取A股分钟数据，支持1min/5min/15min/30min/60min行情，提供Python SDK和 http Restful API两种方式,"ts_code,freq",有权限（当前限频）,Tushare 明确返回该接口的频率上限,40203,抱歉，您访问接口(stk_mins)频率超限(2次/天)，具体频次详情：https://tushare.pro/document/1?doc_id=108。,0,已实现（契约通用采集器：原始层+强类型标准表）,collectors/tushare_raw.py:CatalogRawCollector
Tushare官方目录,股票数据,股票数据/行情数据,A股日线行情,daily,27,https://tushare.pro/document/2?doc_id=27,,获取股票行情数据，或通过 通用行情接口 获取数据，包含了前后复权数据,,有权限,接口返回成功,0,,0,已实现,collectors/stock/market/daily.py:DailyCollector
Tushare官方目录,股票数据,股票数据/行情数据,股票周/月线行情(复权--每日更新),stk_week_month_adj,365,https://tushare.pro/document/2?doc_id=365,用户需要至少2000积分才可以调取，具体请参阅 积分获取办法,股票周/月线行情(复权--每日更新),freq,有权限,接口返回成功,0,,0,已实现（契约通用采集器：原始层+强类型标准表）,collectors/tushare_raw.py:CatalogRawCollector
Tushare官方目录,股票数据,股票数据/行情数据,股票周/月线行情(每日更新),stk_weekly_monthly,336,https://tushare.pro/document/2?doc_id=336,用户需要至少2000积分才可以调取，具体请参阅 积分获取办法,股票周/月线行情(每日更新),freq,有权限,接口返回成功,0,,0,已实现,collectors/stock/market/stk_weekly_monthly.py; collectors/stock/market/stk_weekly_monthly.py:StkWeeklyMonthlyCollector
Tushare官方目录,股票数据,股票数据/行情数据,周线行情,weekly,144,https://tushare.pro/document/2?doc_id=144,用户需要至少2000积分才可以调取，具体请参阅 积分获取办法,获取A股周线行情，本接口每周最后一个交易日更新，如需要使用每天更新的周线数据，请使用 日度更新的周线行情接口 。,,有权限,接口返回成功,0,,0,已实现,collectors/stock/market/stk_weekly_monthly.py
Tushare官方目录,股票数据,股票数据/行情数据,备用行情,bak_daily,255,https://tushare.pro/document/2?doc_id=255,,获取备用行情，包括特定的行情指标(数据从2017年中左右开始，早期有几天数据缺失，近期正常),,有权限,接口返回成功,0,,0,已实现（契约通用采集器：原始层+强类型标准表）,collectors/tushare_raw.py:CatalogRawCollector
Tushare官方目录,股票数据,股票数据/行情数据,复权因子,adj_factor,28,https://tushare.pro/document/2?doc_id=28,2000积分起，5000以上可高频调取,本接口由Tushare自行生产，获取股票复权因子，可提取单只股票全部历史复权因子，也可以提取单日全部股票的复权因子。,,有权限,接口返回成功,0,,0,已实现（契约通用采集器：原始层+强类型标准表）,collectors/tushare_raw.py:CatalogRawCollector
Tushare官方目录,股票数据,股票数据/行情数据,A股复权行情,pro_bar,146,https://tushare.pro/document/2?doc_id=146,,,"ts_code,asset,freq",依底层接口权限,官方文档明确说明 pro_bar 不支持 HTTP 调用,sdk_only,SDK 组合接口，不支持 HTTP；权限取决于底层行情接口,0,未实现,
Tushare官方目录,股票数据,股票数据/行情数据,月线行情,monthly,145,https://tushare.pro/document/2?doc_id=145,用户需要至少2000积分才可以调取，具体请参阅 积分获取办法,获取A股月线数据,,有权限,接口返回成功,0,,0,已实现,collectors/stock/market/stk_weekly_monthly.py
Tushare官方目录,股票数据,股票数据/行情数据,每日停复牌信息,suspend_d,214,https://tushare.pro/document/2?doc_id=214,,按日期方式获取股票每日停复牌信息,,有权限,接口返回成功,0,,0,已实现,collectors/stock/market/suspend_d.py:SuspendDCollector
Tushare官方目录,股票数据,股票数据/行情数据,每日指标,daily_basic,32,https://tushare.pro/document/2?doc_id=32,至少2000积分才可以调取，5000积分无总量限制，具体请参阅 积分获取办法,获取全部股票每日重要的基本面指标，可用于选股分析、报表展示等。单次请求最大返回6000条数据，可按日线循环提取全部历史。,ts_code,有权限,接口返回成功,0,,6000,已实现（契约通用采集器：原始层+强类型标准表）,collectors/tushare_raw.py:CatalogRawCollector
Tushare官方目录,股票数据,股票数据/行情数据,每日涨跌停价格,stk_limit,183,https://tushare.pro/document/2?doc_id=183,用户积2000积分可调取，单位分钟有流控，积分越高流量越大，请自行提高积分，具体请参阅 积分获取办法,获取全市场（包含A/B股和基金）每日涨跌停价格，包括涨停价格，跌停价格等，每个交易日9点左右更新当日股票涨跌停价格。,,有权限,接口返回成功,0,,0,已实现,collectors/stock/market/stk_limit.py:STKLimitCollector
Tushare官方目录,股票数据,股票数据/行情数据,沪深股通十大成交股,hsgt_top10,48,https://tushare.pro/document/2?doc_id=48,,获取沪股通、深股通每日前十大成交详细数据，每天18~20点之间完成当日更新,,有权限,接口返回成功,0,,0,已实现,collectors/stock/market/hsgt_top10.py:HsgtTop10Collector
Tushare官方目录,股票数据,股票数据/行情数据,通用行情接口,pro_bar,109,https://tushare.pro/document/2?doc_id=109,,目前整合了股票（未复权、前复权、后复权）、指数、ETF基金、期货、期权的行情数据，未来还将整合包括外汇在内的所有交易行情数据，同时提供分钟数据。不同数据对应不同的积分要求，具体请参阅每类数据的文档说明。 其它 ：由于本接口是集成接口，在SDK层做了一些逻辑处理，目前暂时没法用http的方式调取通用行情接口。用户可以访问Tushare的Github，查看源代码完成类似功能。,ts_code,依底层接口权限,官方文档明确说明 pro_bar 不支持 HTTP 调用,sdk_only,SDK 组合接口，不支持 HTTP；权限取决于底层行情接口,0,未实现,
Tushare官方目录,股票数据,股票数据/财务数据,业绩快报,express,46,https://tushare.pro/document/2?doc_id=46,用户需要至少2000积分才可以调取，具体请参阅 积分获取办法 提示：当前接口只能按单只股票获取其历史数据，如果需要获取某一季度全部上市公司数据，请使用express_vip接口（参数一致），需积攒5000积分。,获取上市公司业绩快报,ts_code,有权限,接口返回成功,0,,4,已实现（express_vip）,collectors/stock/finance/express.py:ExpressCollector
Tushare官方目录,股票数据,股票数据/财务数据,业绩预告,forecast,45,https://tushare.pro/document/2?doc_id=45,用户需要至少2000积分才可以调取，每日20点~21点更新，单次3500行，具体请参阅 积分获取办法 提示：当前接口只能按单只股票获取其历史数据，如果需要获取某一季度全部上市公司数据，请使用forecast_vip接口（参数一致），需积攒5000积分。,获取业绩预告数据,,有权限,接口返回成功,0,,16,已实现（forecast_vip）,collectors/stock/finance/forecast.py:ForecastCollector
Tushare官方目录,股票数据,股票数据/财务数据,主营业务构成,fina_mainbz,81,https://tushare.pro/document/2?doc_id=81,用户需要至少2000积分才可以调取，具体请参阅 积分获取办法 ，单次最大提取100行，总量不限制，可循环获取。 提示：当前接口只能按单只股票获取其历史数据，如果需要获取某一季度全部上市公司数据，请使用fina_mainbz_vip接口（参数一致），需积攒5000积分。,获得上市公司主营业务构成，分地区/产品/行业等方式。,ts_code,有权限,接口返回成功,0,,150,已实现（fina_mainbz_vip）,collectors/stock/finance/fina_mainbz.py; collectors/stock/finance/fina_mainbz.py:FinaMainbzCollector
Tushare官方目录,股票数据,股票数据/财务数据,分红送股,dividend,103,https://tushare.pro/document/2?doc_id=103,用户需要至少2000积分才可以调取，具体请参阅 积分获取办法,分红送股数据,,有权限,接口返回成功,0,,96,已实现,collectors/stock/finance/dividend.py; collectors/stock/finance/dividend.py:DividendCollector
Tushare官方目录,股票数据,股票数据/财务数据,利润表,income,33,https://tushare.pro/document/2?doc_id=33,用户需要至少2000积分才可以调取，具体请参阅 积分获取办法 提示：当前接口只能按单只股票获取其历史数据，如果需要获取某一季度全部上市公司数据，请使用income_vip接口（参数一致），需积攒5000积分。,获取上市公司财务利润表数据,ts_code,有权限,接口返回成功,0,,129,已实现（income_vip）,collectors/stock/finance/income.py:IncomeCollector
Tushare官方目录,股票数据,股票数据/财务数据,现金流量表,cashflow,44,https://tushare.pro/document/2?doc_id=44,用户需要至少2000积分才可以调取，具体请参阅 积分获取办法 提示：当前接口只能按单只股票获取其历史数据，如果需要获取某一季度全部上市公司数据，请使用cashflow_vip接口（参数一致），需积攒5000积分。,获取上市公司现金流量表,ts_code,有权限,接口返回成功,0,,100,已实现（cashflow_vip）,collectors/stock/finance/cashflow.py:CashflowCollector
Tushare官方目录,股票数据,股票数据/财务数据,财务审计意见,fina_audit,80,https://tushare.pro/document/2?doc_id=80,用户需要至少2000积分才可以调取，具体请参阅 积分获取办法,获取上市公司定期财务审计意见数据,ts_code,有权限,接口返回成功,0,,39,已实现（契约通用采集器：原始层+强类型标准表）,collectors/tushare_raw.py:CatalogRawCollector
Tushare官方目录,股票数据,股票数据/财务数据,财务指标数据,fina_indicator,79,https://tushare.pro/document/2?doc_id=79,用户需要至少2000积分才可以调取，具体请参阅 积分获取办法 提示：当前接口只能按单只股票获取其历史数据，如果需要获取某一季度全部上市公司数据，请使用fina_indicator_vip接口（参数一致），需积攒5000积分。,获取上市公司财务指标数据，为避免服务器压力，现阶段每次请求最多返回100条记录，可通过设置日期多次请求获取更多数据。,ts_code,有权限,接口返回成功,0,,100,已实现（fina_indicator_vip）,collectors/stock/finance/fina_indicator.py:FinaIndicatorCollector
Tushare官方目录,股票数据,股票数据/财务数据,财报披露计划,disclosure_date,162,https://tushare.pro/document/2?doc_id=162,用户需要至少2000积分才可以调取，积分越多权限越大，具体请参阅 积分获取办法,获取财报披露计划日期,,有权限,接口返回成功,0,,120,已实现,collectors/stock/finance/disclosure_date.py:DisclosureDateCollector
Tushare官方目录,股票数据,股票数据/财务数据,资产负债表,balancesheet,36,https://tushare.pro/document/2?doc_id=36,用户需要至少2000积分才可以调取，具体请参阅 积分获取办法 提示：当前接口只能按单只股票获取其历史数据，如果需要获取某一季度全部上市公司数据，请使用balancesheet_vip接口（参数一致），需积攒5000积分。,获取上市公司资产负债表,ts_code,有权限,接口返回成功,0,,100,已实现（balancesheet_vip）,collectors/stock/finance/balancesheet.py:BalancesheetCollector
Tushare官方目录,股票数据,股票数据/资金流向数据,个股资金流向,moneyflow,170,https://tushare.pro/document/2?doc_id=170,用户需要至少2000积分才可以调取，基础积分有流量控制，积分越多权限越大，请自行提高积分，具体请参阅 积分获取办法,获取沪深A股票资金流向数据，分析大单小单成交情况，用于判别资金动向，数据开始于2010年。,,有权限,接口返回成功,0,,0,已实现,collectors/stock/moneyflow/moneyflow.py:MoneyflowCollector
Tushare官方目录,股票数据,股票数据/资金流向数据,个股资金流向（DC）,moneyflow_dc,349,https://tushare.pro/document/2?doc_id=349,用户需要至少5000积分才可以调取，具体请参阅 积分获取办法,获取东方财富个股资金流向数据，每日盘后更新，数据开始于20230911,,有权限,接口返回成功,0,,0,已实现,collectors/stock/moneyflow/moneyflow_dc.py:MoneyflowDcCollector
Tushare官方目录,股票数据,股票数据/资金流向数据,个股资金流向（THS）,moneyflow_ths,348,https://tushare.pro/document/2?doc_id=348,6000积分可调取，具体请参阅 积分获取办法,获取同花顺个股资金流向数据，每日盘后更新,,有权限,接口返回成功,0,,0,已实现,collectors/stock/moneyflow/moneyflow_ths.py:MoneyflowThsCollector
Tushare官方目录,股票数据,股票数据/资金流向数据,大盘资金流向（DC）,moneyflow_mkt_dc,345,https://tushare.pro/document/2?doc_id=345,120积分可试用，6000积分可正式调取，具体请参阅 积分获取办法,获取东方财富大盘资金流向数据，每日盘后更新,,有权限,接口返回成功,0,,0,已实现,collectors/stock/moneyflow/moneyflow_mkt_dc.py:MoneyflowMktDcCollector
Tushare官方目录,股票数据,股票数据/资金流向数据,东财概念及行业板块资金流向（DC）,moneyflow_ind_dc,344,https://tushare.pro/document/2?doc_id=344,6000积分可以调取，具体请参阅 积分获取办法,获取东方财富板块资金流向，每天盘后更新,,有权限,接口返回成功,0,,0,已实现,collectors/stock/moneyflow/moneyflow_ind_dc.py:MoneyflowIndDcCollector
Tushare官方目录,股票数据,股票数据/资金流向数据,同花顺概念板块资金流向（THS）,moneyflow_cnt_ths,371,https://tushare.pro/document/2?doc_id=371,6000积分可以调取，具体请参阅 积分获取办法,获取同花顺概念板块每日资金流向,,有权限,接口返回成功,0,,0,已实现,collectors/stock/moneyflow/moneyflow_cnt_ths.py:MoneyflowCntThsCollector
Tushare官方目录,股票数据,股票数据/资金流向数据,同花顺行业资金流向（THS）,moneyflow_ind_ths,343,https://tushare.pro/document/2?doc_id=343,6000积分可以调取，具体请参阅 积分获取办法,获取同花顺行业资金流向，每日盘后更新,,有权限,接口返回成功,0,,0,已实现,collectors/stock/moneyflow/moneyflow_ind_ths.py:MoneyflowIndThsCollector
Tushare官方目录,自选组合,自选组合,自选股组合查询,p_get,449,https://tushare.pro/document/2?doc_id=449,,查询组合的成分列表,name,有权限,接口返回成功,0,,0,已实现（契约通用采集器：原始层+强类型标准表）,collectors/tushare_raw.py:CatalogRawCollector
Tushare官方目录,自选组合,自选组合,自选股组合保存,p_save,445,https://tushare.pro/document/2?doc_id=445,,创建或修改自选股组合,"name,items",有权限,权限层已通过，接口进入参数校验,50101,"必填参数, name",0,已封装（写接口，不进入采集调度）,service/tushare_catalog.py:TushareInterfaceCatalog
Tushare官方目录,自选组合,自选组合,自选股组合查询,p_list,446,https://tushare.pro/document/2?doc_id=446,,便于用户在基于AI应用或Vibe Coding过程中产生的选股结果形成长期记忆，Tushare提供了自选股组合功能。本接口可以查询你的自选组合信息，不加参数查询出所以自定义组合,,有权限,接口返回成功,0,,0,已实现（契约通用采集器：原始层+强类型标准表）,collectors/tushare_raw.py:CatalogRawCollector
Tushare官方目录,自选组合,自选组合,自选股组合删除,p_delete,447,https://tushare.pro/document/2?doc_id=447,,删除自选股组合,name,有权限,权限层已通过，接口进入参数校验,50101,"必填参数, name",0,已封装（写接口，不进入采集调度）,service/tushare_catalog.py:TushareInterfaceCatalog
Tushare官方目录,量化因子库,量化因子库,因子列表,factor_list,486,https://tushare.pro/document/2?doc_id=486,因子库为单独权限接口，对个人用户2000元一年，机构用户2万元一年，请在“ 权限中心 ”勾选 因子库 开通。,提取 Tushare自主研发 生产的因子列表，包括因子名、因子分类和计算逻辑等信息,,无权限,Tushare 明确返回无访问权限,40203,抱歉，您没有接口(factor_list)访问权限，权限的具体详情访问：https://tushare.pro/document/1?doc_id=108。,0,未实现,
Tushare官方目录,量化因子库,量化因子库,因子值,factor_value,490,https://tushare.pro/document/2?doc_id=490,因子库为单独权限接口，对个人用户2000元一年，机构用户2万元一年，5000积分以上可试用，请在“ 权限中心 ”勾选 因子库 开通。,获取Tushare因子库里各因子的数值，目前是基于daily的时间序列数值。,,有权限,权限层已通过，接口进入参数校验,50101,"参数校验失败, ts_code,factor_name至少输入一个参数",0,已实现（契约通用采集器：原始层+强类型标准表）,collectors/tushare_raw.py:CatalogRawCollector
claw-quant扩展/历史接口,项目扩展接口,项目扩展接口,当前官方目录未列出,balancesheet_vip,,,当前官方目录未列出,claw-quant 代码中存在直接实现,,有权限,接口返回成功,0,,7000,已实现,collectors/stock/finance/balancesheet.py:BalancesheetCollector
claw-quant扩展/历史接口,项目扩展接口,项目扩展接口,当前官方目录未列出,cashflow_vip,,,当前官方目录未列出,claw-quant 代码中存在直接实现,,有权限,接口返回成功,0,,6400,已实现,collectors/stock/finance/cashflow.py:CashflowCollector
claw-quant扩展/历史接口,项目扩展接口,项目扩展接口,当前官方目录未列出,ccass_hold,,,当前官方目录未列出,claw-quant 代码中存在直接实现,,有权限,接口返回成功,0,,5000,已实现,collectors/stock/extra/ccass_hold.py:CcassHoldCollector
claw-quant扩展/历史接口,项目扩展接口,项目扩展接口,当前官方目录未列出,ccass_hold_detail,,,当前官方目录未列出,claw-quant 代码中存在直接实现,,有权限,权限层已通过，接口进入参数校验,50101,"参数校验失败, ts_code,trade_date至少输入一个参数",0,已实现,collectors/stock/extra/ccass_hold_detail.py:CcassHoldDetailCollector
claw-quant扩展/历史接口,项目扩展接口,项目扩展接口,当前官方目录未列出,express_vip,,,当前官方目录未列出,claw-quant 代码中存在直接实现,,有权限,接口返回成功,0,,5000,已实现,collectors/stock/finance/express.py:ExpressCollector
claw-quant扩展/历史接口,项目扩展接口,项目扩展接口,当前官方目录未列出,fina_indicator_vip,,,当前官方目录未列出,claw-quant 代码中存在直接实现,,有权限,接口返回成功,0,,12000,已实现,collectors/stock/finance/fina_indicator.py:FinaIndicatorCollector
claw-quant扩展/历史接口,项目扩展接口,项目扩展接口,当前官方目录未列出,fina_mainbz_vip,,,当前官方目录未列出,claw-quant 代码中存在直接实现,,有权限,接口返回成功,0,,10000,已实现,collectors/stock/finance/fina_mainbz.py; collectors/stock/finance/fina_mainbz.py:FinaMainbzCollector
claw-quant扩展/历史接口,项目扩展接口,项目扩展接口,当前官方目录未列出,forecast_vip,,,当前官方目录未列出,claw-quant 代码中存在直接实现,,有权限,接口返回成功,0,,6500,已实现,collectors/stock/finance/forecast.py:ForecastCollector
claw-quant扩展/历史接口,项目扩展接口,项目扩展接口,当前官方目录未列出,ggt_daily,,,当前官方目录未列出,claw-quant 代码中存在直接实现,,有权限,接口返回成功,0,,1000,已实现,collectors/stock/market/ggt_daily.py:GgtDailyCollector; collectors/stock/market/ggt_monthly.py; collectors/stock/market/ggt_monthly.py:GgtMonthlyCollector
claw-quant扩展/历史接口,项目扩展接口,项目扩展接口,当前官方目录未列出,ggt_top10,,,当前官方目录未列出,claw-quant 代码中存在直接实现,,有权限,权限层已通过，接口进入参数校验,50101,"参数校验失败, ",0,已实现,collectors/stock/market/ggt_top10.py:GgtTop10Collector
claw-quant扩展/历史接口,项目扩展接口,项目扩展接口,当前官方目录未列出,hk_hold,,,当前官方目录未列出,claw-quant 代码中存在直接实现,,有权限,接口返回成功,0,,4200,已实现,collectors/stock/extra/hk_hold.py:HkHoldCollector
claw-quant扩展/历史接口,项目扩展接口,项目扩展接口,当前官方目录未列出,income_vip,,,当前官方目录未列出,claw-quant 代码中存在直接实现,,有权限,接口返回成功,0,,9000,已实现,collectors/stock/finance/income.py:IncomeCollector
claw-quant扩展/历史接口,项目扩展接口,项目扩展接口,当前官方目录未列出,moneyflow_hsgt,,,当前官方目录未列出,claw-quant 代码中存在直接实现,,有权限,权限层已通过，接口进入参数校验,50101,"参数校验失败, ",0,已实现,collectors/stock/moneyflow/moneyflow_hsgt.py:MoneyflowHsgtCollector
